<?xml version = '1.0' encoding = 'UTF-8'?>
<Diagram class="oracle.dbtools.crest.swingui.logical.DPVLogical" name="Logical" id="BF02671C-6858-E235-67DA-65F723148F8D">
<createdBy>SEBASTIAN ROA</createdBy>
<modifiedBy>SEBASTIAN ROA</modifiedBy>
<createdTime>2020-04-05 21:43:51 UTC</createdTime>
<autoRoute>false</autoRoute>
<boxInbox>true</boxInbox>
<showLegend>false</showLegend>
<showLabels>false</showLabels>
<showRelAttributes>false</showRelAttributes>
<gridEnabled>false</gridEnabled>
<showGrid>false</showGrid>
<diagramColor>-1</diagramColor>
<display>false</display>
<notation>1</notation>
<objectViews>
<OView class="oracle.dbtools.crest.swingui.logical.TVEntity" oid="035582D5-659F-DD62-5E4C-620218B78A83" otype="Entity" vid="77EAAB50-4AA1-1585-1259-707EC3EF3AE0">
<hideElementsInCurrentOnly>false</hideElementsInCurrentOnly>
<bounds x="1319" y="368" width="141" height="88"/>
</OView>
<OView class="oracle.dbtools.crest.swingui.logical.TVEntity" oid="04788302-80C9-423F-F533-84FC8EFF2B3B" otype="Entity" vid="A8D24352-B2AA-AB96-032C-605D1E68DFC0">
<hideElementsInCurrentOnly>false</hideElementsInCurrentOnly>
<bounds x="1389" y="0" width="170" height="74"/>
</OView>
<OView class="oracle.dbtools.crest.swingui.logical.TVEntity" oid="0D3A3DF5-9855-88CD-5977-B8CADC3D979D" otype="Entity" vid="0B85C6DE-63FD-BF34-79DA-8C628C37CF06">
<hideElementsInCurrentOnly>false</hideElementsInCurrentOnly>
<bounds x="1889" y="0" width="168" height="85"/>
</OView>
<OView class="oracle.dbtools.crest.swingui.logical.TVEntity" oid="0FF3ADA7-CA94-7C82-BA8C-1916D17A60A7" otype="Entity" vid="E9D6E84E-ADF9-4867-F6A9-AB12C5DB88D9">
<hideElementsInCurrentOnly>false</hideElementsInCurrentOnly>
<bounds x="641" y="380" width="170" height="82"/>
</OView>
<OView class="oracle.dbtools.crest.swingui.logical.TVEntity" oid="1A4D2D04-DFF0-8E27-B533-473EDEC784CA" otype="Entity" vid="B469C055-749E-4D79-DD4D-F3157BEA3CFF">
<hideElementsInCurrentOnly>false</hideElementsInCurrentOnly>
<bounds x="1516" y="689" width="170" height="110"/>
</OView>
<OView class="oracle.dbtools.crest.swingui.logical.TVEntity" oid="24215E0A-9E35-F4B4-0C29-330B25DDDA32" otype="Entity" vid="8FC2FF5B-A826-991B-C68A-31A30D068E18">
<hideElementsInCurrentOnly>false</hideElementsInCurrentOnly>
<bounds x="1820" y="480" width="163" height="66"/>
</OView>
<OView class="oracle.dbtools.crest.swingui.logical.TVEntity" oid="24463411-3F54-5AE6-DDB9-6987FBF955D9" otype="Entity" vid="42ED4D7E-0912-E3F2-B929-6CA9012EB358">
<hideElementsInCurrentOnly>false</hideElementsInCurrentOnly>
<bounds x="1234" y="850" width="170" height="74"/>
</OView>
<OView class="oracle.dbtools.crest.swingui.logical.TVEntity" oid="3420B586-7147-3508-45BA-4BF5B9B07A41" otype="Entity" vid="D30B9586-0951-67F5-88C8-29AAEB202E52">
<hideElementsInCurrentOnly>false</hideElementsInCurrentOnly>
<bounds x="565" y="256" width="170" height="78"/>
</OView>
<OView class="oracle.dbtools.crest.swingui.logical.TVEntity" oid="4FEB1F88-C25C-1CDD-3B2D-1D0FD5F28383" otype="Entity" vid="CE989902-0100-39D5-235E-9EAD9EA18C85">
<hideElementsInCurrentOnly>false</hideElementsInCurrentOnly>
<bounds x="743" y="102" width="139" height="71"/>
</OView>
<OView class="oracle.dbtools.crest.swingui.logical.TVEntity" oid="55991A4A-ABAB-A564-746E-DF097527FB18" otype="Entity" vid="500CF92F-267C-830D-EB3D-0E3D99A6F64B">
<hideElementsInCurrentOnly>false</hideElementsInCurrentOnly>
<bounds x="1748" y="307" width="176" height="113"/>
</OView>
<OView class="oracle.dbtools.crest.swingui.logical.TVEntity" oid="70C495EB-C4ED-E31E-A345-CC435C9A79CD" otype="Entity" vid="D83F4C74-2579-5733-6CF7-06C6B70F387D">
<hideElementsInCurrentOnly>false</hideElementsInCurrentOnly>
<bounds x="2214" y="750" width="170" height="110"/>
</OView>
<OView class="oracle.dbtools.crest.swingui.logical.TVEntity" oid="791F07B4-8CBE-9449-2AEB-37E30E379F77" otype="Entity" vid="D717CB08-56F4-FDAD-0FD0-FDFF4EC49E6F">
<hideElementsInCurrentOnly>false</hideElementsInCurrentOnly>
<bounds x="1286" y="124" width="170" height="110"/>
</OView>
<OView class="oracle.dbtools.crest.swingui.logical.TVEntity" oid="7A46C5C5-410F-0E82-F554-3EFAEE30434C" otype="Entity" vid="66160593-4C74-8AEA-150D-B8A39017C2BB">
<hideElementsInCurrentOnly>false</hideElementsInCurrentOnly>
<bounds x="1664" y="28" width="146" height="129"/>
</OView>
<OView class="oracle.dbtools.crest.swingui.logical.TVEntity" oid="8C9B0B70-A971-F929-71EE-0E5F0FD6CB8C" otype="Entity" vid="E9181348-64E6-D7F3-A43D-A98CE0E8A577">
<hideElementsInCurrentOnly>false</hideElementsInCurrentOnly>
<bounds x="139" y="7" width="170" height="110"/>
</OView>
<OView class="oracle.dbtools.crest.swingui.logical.TVEntity" oid="8DB23EBB-C6C9-B4DF-CFEE-4679A2D66EF2" otype="Entity" vid="6BB88369-1F68-F1EA-6E94-F25C97C4A3A3">
<hideElementsInCurrentOnly>false</hideElementsInCurrentOnly>
<bounds x="643" y="844" width="170" height="110"/>
</OView>
<OView class="oracle.dbtools.crest.swingui.logical.TVEntity" oid="9A9FDAF4-20E9-6062-4328-5E4206919C30" otype="Entity" vid="7A829860-5205-F1C5-D191-02FFAFF09C86">
<hideElementsInCurrentOnly>false</hideElementsInCurrentOnly>
<bounds x="1055" y="269" width="170" height="152"/>
</OView>
<OView class="oracle.dbtools.crest.swingui.logical.TVEntity" oid="9C74F473-54F3-479E-7A5B-6FF3DA04B8DC" otype="Entity" vid="BAB6A079-B95C-8B09-EF4A-F9216A809D74">
<hideElementsInCurrentOnly>false</hideElementsInCurrentOnly>
<bounds x="519" y="156" width="119" height="56"/>
</OView>
<OView class="oracle.dbtools.crest.swingui.logical.TVEntity" oid="A3FCE31E-04E9-BF86-70B2-8F978F64AD8B" otype="Entity" vid="446D8099-2F60-0C6B-066D-1EDA9111E76E">
<hideElementsInCurrentOnly>false</hideElementsInCurrentOnly>
<bounds x="1842" y="174" width="170" height="64"/>
</OView>
<OView class="oracle.dbtools.crest.swingui.logical.TVEntity" oid="A9B78F13-3705-98E9-4648-9930C6419651" otype="Entity" vid="8AD547B5-2A62-C945-BBD8-9A2BDCDDC7FD">
<hideElementsInCurrentOnly>false</hideElementsInCurrentOnly>
<bounds x="198" y="816" width="170" height="110"/>
</OView>
<OView class="oracle.dbtools.crest.swingui.logical.TVEntity" oid="AC823A4B-FA9C-7627-AEC0-A573ED37102D" otype="Entity" vid="3C352322-5EAD-422D-C1D7-9CC538DD7522">
<hideElementsInCurrentOnly>false</hideElementsInCurrentOnly>
<bounds x="1457" y="249" width="170" height="110"/>
</OView>
<OView class="oracle.dbtools.crest.swingui.logical.TVEntity" oid="B664ED7E-2AF1-42DC-558E-24881E579BDB" otype="Entity" vid="38C47A60-C29B-A489-B5C3-9009742F5E3B">
<hideElementsInCurrentOnly>false</hideElementsInCurrentOnly>
<bounds x="1541" y="934" width="170" height="110"/>
</OView>
<OView class="oracle.dbtools.crest.swingui.logical.TVEntity" oid="BCFEB334-5B7F-C52B-5B1E-207309D620E8" otype="Entity" vid="94906EF1-51B1-AA10-4341-D6CDB06D3226">
<hideElementsInCurrentOnly>false</hideElementsInCurrentOnly>
<bounds x="2228" y="472" width="170" height="110"/>
</OView>
<OView class="oracle.dbtools.crest.swingui.logical.TVEntity" oid="C0D906FF-1387-6647-CA1D-9617DCF5D2E2" otype="Entity" vid="041EBD73-98F9-1842-DEC1-2217783885F2">
<hideElementsInCurrentOnly>false</hideElementsInCurrentOnly>
<bounds x="1925" y="725" width="170" height="110"/>
</OView>
<OView class="oracle.dbtools.crest.swingui.logical.TVEntity" oid="C41B8544-96CF-D46A-F203-4891B04EBFB9" otype="Entity" vid="50CF1A35-E71A-3E33-B05D-3A4334E34F85">
<hideElementsInCurrentOnly>false</hideElementsInCurrentOnly>
<bounds x="862" y="513" width="170" height="83"/>
</OView>
<OView class="oracle.dbtools.crest.swingui.logical.TVEntity" oid="CD144357-BE60-E691-40B1-824E77FEBE66" otype="Entity" vid="9AC8E9E6-6603-ED77-1607-03B4F34F4787">
<hideElementsInCurrentOnly>false</hideElementsInCurrentOnly>
<bounds x="2158" y="201" width="170" height="110"/>
</OView>
<OView class="oracle.dbtools.crest.swingui.logical.TVEntity" oid="CD2FAE6A-924C-2792-79F3-12EEBC448E2C" otype="Entity" vid="5534E50D-2547-5870-55F6-3CD116FA68DB">
<hideElementsInCurrentOnly>false</hideElementsInCurrentOnly>
<bounds x="696" y="698" width="170" height="110"/>
</OView>
<OView class="oracle.dbtools.crest.swingui.logical.TVEntity" oid="D657B8F4-6450-BF12-AB0E-C3DA8BE662F2" otype="Entity" vid="C21DDEA7-A1E6-36A3-FAE6-2C2B85BDB3CF">
<hideElementsInCurrentOnly>false</hideElementsInCurrentOnly>
<bounds x="989" y="847" width="170" height="110"/>
</OView>
<OView class="oracle.dbtools.crest.swingui.logical.TVEntity" oid="DA051DEB-75B8-7689-4A40-ABE745391197" otype="Entity" vid="F400AA67-77C5-5CF3-427F-108809448532">
<hideElementsInCurrentOnly>false</hideElementsInCurrentOnly>
<bounds x="2177" y="0" width="170" height="110"/>
</OView>
<OView class="oracle.dbtools.crest.swingui.logical.TVEntity" oid="F6E942E7-9DBD-77B1-69AA-9BEAC8961BA1" otype="Entity" vid="5A98109C-E399-1814-3BEB-D395AE45FB78">
<hideElementsInCurrentOnly>false</hideElementsInCurrentOnly>
<bounds x="1274" y="716" width="170" height="75"/>
</OView>
</objectViews>
<connectors>
<Connector class="oracle.dbtools.crest.swingui.logical.TVRelation" oid="0A2DE492-0813-7414-BA5C-F3259779CDFE" otype="Relation" vid_source="D83F4C74-2579-5733-6CF7-06C6B70F387D" vid_target="0B85C6DE-63FD-BF34-79DA-8C628C37CF06">
<hideElementsInCurrentOnly>false</hideElementsInCurrentOnly>
<backgroundColor>-16777216</backgroundColor>
<lineWidth>1</lineWidth>
<points>
<point x="2275" y="750"/>
<point x="1991" y="85"/>
</points>
</Connector>
<Connector class="oracle.dbtools.crest.swingui.logical.TVRelation" oid="0EC26E67-F902-BE76-F267-2072F107F4CF" otype="Relation" vid_source="7A829860-5205-F1C5-D191-02FFAFF09C86" vid_target="D30B9586-0951-67F5-88C8-29AAEB202E52">
<hideElementsInCurrentOnly>false</hideElementsInCurrentOnly>
<backgroundColor>-16777216</backgroundColor>
<lineWidth>1</lineWidth>
<points>
<point x="1055" y="301"/>
<point x="735" y="301"/>
</points>
</Connector>
<Connector class="oracle.dbtools.crest.swingui.logical.TVRelation" oid="166E9574-36E3-7249-2A78-7299E32594AA" otype="Relation" vid_source="66160593-4C74-8AEA-150D-B8A39017C2BB" vid_target="0B85C6DE-63FD-BF34-79DA-8C628C37CF06">
<hideElementsInCurrentOnly>false</hideElementsInCurrentOnly>
<backgroundColor>-16777216</backgroundColor>
<lineWidth>1</lineWidth>
<points>
<point x="1810" y="56"/>
<point x="1889" y="56"/>
</points>
</Connector>
<Connector class="oracle.dbtools.crest.swingui.logical.TVRelation" oid="22498B29-FC9D-C9C0-262E-5A2A6707CEB1" otype="Relation" vid_source="B469C055-749E-4D79-DD4D-F3157BEA3CFF" vid_target="38C47A60-C29B-A489-B5C3-9009742F5E3B">
<hideElementsInCurrentOnly>false</hideElementsInCurrentOnly>
<backgroundColor>-16777216</backgroundColor>
<lineWidth>1</lineWidth>
<points>
<point x="1613" y="799"/>
<point x="1613" y="934"/>
</points>
</Connector>
<Connector class="oracle.dbtools.crest.swingui.logical.TVRelation" oid="256CE24D-B68B-6024-A603-4468C01A975B" otype="Relation" vid_source="7A829860-5205-F1C5-D191-02FFAFF09C86" vid_target="C21DDEA7-A1E6-36A3-FAE6-2C2B85BDB3CF">
<hideElementsInCurrentOnly>false</hideElementsInCurrentOnly>
<backgroundColor>-16777216</backgroundColor>
<lineWidth>1</lineWidth>
<points>
<point x="1107" y="421"/>
<point x="1107" y="847"/>
</points>
</Connector>
<Connector class="oracle.dbtools.crest.swingui.logical.TVRelation" oid="25DA3237-4C81-1B1F-98CE-CF2D2BD81DAB" otype="Relation" vid_source="E9181348-64E6-D7F3-A43D-A98CE0E8A577" vid_target="A8D24352-B2AA-AB96-032C-605D1E68DFC0">
<hideElementsInCurrentOnly>false</hideElementsInCurrentOnly>
<backgroundColor>-16777216</backgroundColor>
<lineWidth>1</lineWidth>
<points>
<point x="309" y="40"/>
<point x="1389" y="40"/>
</points>
</Connector>
<Connector class="oracle.dbtools.crest.swingui.logical.TVRelation" oid="2B378E3C-3FCF-160C-B112-B891DFA23032" otype="Relation" vid_source="66160593-4C74-8AEA-150D-B8A39017C2BB" vid_target="A8D24352-B2AA-AB96-032C-605D1E68DFC0">
<hideElementsInCurrentOnly>false</hideElementsInCurrentOnly>
<backgroundColor>-16777216</backgroundColor>
<lineWidth>1</lineWidth>
<points>
<point x="1664" y="51"/>
<point x="1559" y="51"/>
</points>
</Connector>
<Connector class="oracle.dbtools.crest.swingui.logical.TVRelation" oid="31266EDC-02A5-6825-B6E9-A503E44ABAD2" otype="Relation" vid_source="7A829860-5205-F1C5-D191-02FFAFF09C86" vid_target="77EAAB50-4AA1-1585-1259-707EC3EF3AE0">
<hideElementsInCurrentOnly>false</hideElementsInCurrentOnly>
<backgroundColor>-16777216</backgroundColor>
<lineWidth>1</lineWidth>
<points>
<point x="1225" y="394"/>
<point x="1319" y="394"/>
</points>
</Connector>
<Connector class="oracle.dbtools.crest.swingui.logical.TVRelation" oid="390A7002-A0B0-DFBC-84AF-873F1DF79808" otype="Relation" vid_source="BAB6A079-B95C-8B09-EF4A-F9216A809D74" vid_target="D30B9586-0951-67F5-88C8-29AAEB202E52">
<hideElementsInCurrentOnly>false</hideElementsInCurrentOnly>
<backgroundColor>-16777216</backgroundColor>
<lineWidth>1</lineWidth>
<points>
<point x="601" y="212"/>
<point x="601" y="256"/>
</points>
</Connector>
<Connector class="oracle.dbtools.crest.swingui.logical.TVRelation" oid="3B4CBD41-2AD0-0434-08F3-ACEC11BDEF79" otype="Relation" vid_source="500CF92F-267C-830D-EB3D-0E3D99A6F64B" vid_target="94906EF1-51B1-AA10-4341-D6CDB06D3226">
<hideElementsInCurrentOnly>false</hideElementsInCurrentOnly>
<backgroundColor>-16777216</backgroundColor>
<lineWidth>1</lineWidth>
<points>
<point x="1924" y="393"/>
<point x="2228" y="497"/>
</points>
</Connector>
<Connector class="oracle.dbtools.crest.swingui.logical.TVRelation" oid="4051CEBC-7B08-6DED-CA0E-EFE40B6A6B9D" otype="Relation" vid_source="041EBD73-98F9-1842-DEC1-2217783885F2" vid_target="77EAAB50-4AA1-1585-1259-707EC3EF3AE0">
<hideElementsInCurrentOnly>false</hideElementsInCurrentOnly>
<backgroundColor>-16777216</backgroundColor>
<lineWidth>1</lineWidth>
<points>
<point x="1925" y="729"/>
<point x="1460" y="453"/>
</points>
</Connector>
<Connector class="oracle.dbtools.crest.swingui.logical.TVRelation" oid="46A21BE3-D8D0-F59A-D873-02970B37593C" otype="Relation" vid_source="7A829860-5205-F1C5-D191-02FFAFF09C86" vid_target="50CF1A35-E71A-3E33-B05D-3A4334E34F85">
<hideElementsInCurrentOnly>false</hideElementsInCurrentOnly>
<backgroundColor>-16777216</backgroundColor>
<lineWidth>1</lineWidth>
<points>
<point x="1069" y="421"/>
<point x="985" y="513"/>
</points>
</Connector>
<Connector class="oracle.dbtools.crest.swingui.logical.TVRelation" oid="49235C3F-8F37-0FCA-60CC-2D75491E9CF8" otype="Relation" vid_source="E9181348-64E6-D7F3-A43D-A98CE0E8A577" vid_target="BAB6A079-B95C-8B09-EF4A-F9216A809D74">
<hideElementsInCurrentOnly>false</hideElementsInCurrentOnly>
<backgroundColor>-16777216</backgroundColor>
<lineWidth>1</lineWidth>
<points>
<point x="309" y="91"/>
<point x="519" y="163"/>
</points>
</Connector>
<Connector class="oracle.dbtools.crest.swingui.logical.TVRelation" oid="4ACC2FB8-156B-2C34-AC06-92D075E9C72B" otype="Relation" vid_source="7A829860-5205-F1C5-D191-02FFAFF09C86" vid_target="B469C055-749E-4D79-DD4D-F3157BEA3CFF">
<hideElementsInCurrentOnly>false</hideElementsInCurrentOnly>
<backgroundColor>-16777216</backgroundColor>
<lineWidth>1</lineWidth>
<points>
<point x="1225" y="418"/>
<point x="1537" y="689"/>
</points>
</Connector>
<Connector class="oracle.dbtools.crest.swingui.logical.TVRelation" oid="4F642D92-BCF3-72B5-3285-1BBD9323E8D9" otype="Relation" vid_source="C21DDEA7-A1E6-36A3-FAE6-2C2B85BDB3CF" vid_target="6BB88369-1F68-F1EA-6E94-F25C97C4A3A3">
<hideElementsInCurrentOnly>false</hideElementsInCurrentOnly>
<backgroundColor>-16777216</backgroundColor>
<lineWidth>1</lineWidth>
<points>
<point x="989" y="900"/>
<point x="813" y="900"/>
</points>
</Connector>
<Connector class="oracle.dbtools.crest.swingui.logical.TVRelation" oid="5B7B1D9C-A756-AB7F-A125-9CD7D86C25B3" otype="Relation" vid_source="500CF92F-267C-830D-EB3D-0E3D99A6F64B" vid_target="9AC8E9E6-6603-ED77-1607-03B4F34F4787">
<hideElementsInCurrentOnly>false</hideElementsInCurrentOnly>
<backgroundColor>-16777216</backgroundColor>
<lineWidth>1</lineWidth>
<points>
<point x="1924" y="309"/>
<point x="2158" y="309"/>
</points>
</Connector>
<Connector class="oracle.dbtools.crest.swingui.logical.TVRelation" oid="5CA80E98-4575-51A8-1CD4-8A7E05853A0C" otype="Relation" vid_source="66160593-4C74-8AEA-150D-B8A39017C2BB" vid_target="446D8099-2F60-0C6B-066D-1EDA9111E76E">
<hideElementsInCurrentOnly>false</hideElementsInCurrentOnly>
<backgroundColor>-16777216</backgroundColor>
<lineWidth>1</lineWidth>
<points>
<point x="1810" y="136"/>
<point x="1873" y="174"/>
</points>
</Connector>
<Connector class="oracle.dbtools.crest.swingui.logical.TVRelation" oid="66096C6E-09D1-2926-F6B0-214F19EFF23E" otype="Relation" vid_source="3C352322-5EAD-422D-C1D7-9CC538DD7522" vid_target="66160593-4C74-8AEA-150D-B8A39017C2BB">
<hideElementsInCurrentOnly>false</hideElementsInCurrentOnly>
<backgroundColor>-16777216</backgroundColor>
<lineWidth>1</lineWidth>
<points>
<point x="1592" y="249"/>
<point x="1677" y="157"/>
</points>
</Connector>
<Connector class="oracle.dbtools.crest.swingui.logical.TVRelation" oid="81D6271E-052E-58AE-B94B-235C0652F7CD" otype="Relation" vid_source="94906EF1-51B1-AA10-4341-D6CDB06D3226" vid_target="5534E50D-2547-5870-55F6-3CD116FA68DB">
<hideElementsInCurrentOnly>false</hideElementsInCurrentOnly>
<backgroundColor>-16777216</backgroundColor>
<lineWidth>1</lineWidth>
<points>
<point x="2228" y="539"/>
<point x="866" y="740"/>
</points>
</Connector>
<Connector class="oracle.dbtools.crest.swingui.logical.TVRelation" oid="82189219-5A1A-4834-23FB-EF9E9327F36C" otype="Relation" vid_source="500CF92F-267C-830D-EB3D-0E3D99A6F64B" vid_target="3C352322-5EAD-422D-C1D7-9CC538DD7522">
<hideElementsInCurrentOnly>false</hideElementsInCurrentOnly>
<backgroundColor>-16777216</backgroundColor>
<lineWidth>1</lineWidth>
<points>
<point x="1748" y="333"/>
<point x="1627" y="333"/>
</points>
</Connector>
<Connector class="oracle.dbtools.crest.swingui.logical.TVRelation" oid="827684FF-206E-5C27-ACAD-5406AF93A291" otype="Relation" vid_source="F400AA67-77C5-5CF3-427F-108809448532" vid_target="9AC8E9E6-6603-ED77-1607-03B4F34F4787">
<hideElementsInCurrentOnly>false</hideElementsInCurrentOnly>
<backgroundColor>-16777216</backgroundColor>
<lineWidth>1</lineWidth>
<points>
<point x="2252" y="110"/>
<point x="2252" y="201"/>
</points>
</Connector>
<Connector class="oracle.dbtools.crest.swingui.logical.TVRelation" oid="847CF78A-5848-2090-153C-F90B3557233D" otype="Relation" vid_source="500CF92F-267C-830D-EB3D-0E3D99A6F64B" vid_target="8FC2FF5B-A826-991B-C68A-31A30D068E18">
<hideElementsInCurrentOnly>false</hideElementsInCurrentOnly>
<backgroundColor>-16777216</backgroundColor>
<lineWidth>1</lineWidth>
<points>
<point x="1872" y="420"/>
<point x="1872" y="480"/>
</points>
</Connector>
<Connector class="oracle.dbtools.crest.swingui.logical.TVRelation" oid="972B4BD0-FD15-D38E-B035-D37B6CA4DCBC" otype="Relation" vid_source="7A829860-5205-F1C5-D191-02FFAFF09C86" vid_target="D717CB08-56F4-FDAD-0FD0-FDFF4EC49E6F">
<hideElementsInCurrentOnly>false</hideElementsInCurrentOnly>
<backgroundColor>-16777216</backgroundColor>
<lineWidth>1</lineWidth>
<points>
<point x="1225" y="283"/>
<point x="1294" y="234"/>
</points>
</Connector>
<Connector class="oracle.dbtools.crest.swingui.logical.TVRelation" oid="A205EC0B-9E16-7F88-60E8-0D7FF0534C09" otype="Relation" vid_source="500CF92F-267C-830D-EB3D-0E3D99A6F64B" vid_target="A8D24352-B2AA-AB96-032C-605D1E68DFC0">
<hideElementsInCurrentOnly>false</hideElementsInCurrentOnly>
<backgroundColor>-16777216</backgroundColor>
<lineWidth>1</lineWidth>
<points>
<point x="1773" y="307"/>
<point x="1515" y="74"/>
</points>
</Connector>
<Connector class="oracle.dbtools.crest.swingui.logical.TVRelation" oid="A478964D-0EAF-A252-A9E7-0BC585F0016E" otype="Relation" vid_source="94906EF1-51B1-AA10-4341-D6CDB06D3226" vid_target="A8D24352-B2AA-AB96-032C-605D1E68DFC0">
<hideElementsInCurrentOnly>false</hideElementsInCurrentOnly>
<backgroundColor>-16777216</backgroundColor>
<lineWidth>1</lineWidth>
<points>
<point x="2228" y="477"/>
<point x="1537" y="74"/>
</points>
</Connector>
<Connector class="oracle.dbtools.crest.swingui.logical.TVRelation" oid="AEEB3D47-8C50-7644-98C9-D69A77917DFA" otype="Relation" vid_source="500CF92F-267C-830D-EB3D-0E3D99A6F64B" vid_target="B469C055-749E-4D79-DD4D-F3157BEA3CFF">
<hideElementsInCurrentOnly>false</hideElementsInCurrentOnly>
<backgroundColor>-16777216</backgroundColor>
<lineWidth>1</lineWidth>
<points>
<point x="1801" y="420"/>
<point x="1634" y="689"/>
</points>
</Connector>
<Connector class="oracle.dbtools.crest.swingui.logical.TVRelation" oid="B22C84E0-80D7-17C5-4982-46ED7B5D4DA7" otype="Relation" vid_source="C21DDEA7-A1E6-36A3-FAE6-2C2B85BDB3CF" vid_target="5534E50D-2547-5870-55F6-3CD116FA68DB">
<hideElementsInCurrentOnly>false</hideElementsInCurrentOnly>
<backgroundColor>-16777216</backgroundColor>
<lineWidth>1</lineWidth>
<points>
<point x="989" y="858"/>
<point x="866" y="796"/>
</points>
</Connector>
<Connector class="oracle.dbtools.crest.swingui.logical.TVRelation" oid="B6D4A7D4-6C42-ACF2-0ACA-2648C054D8C6" otype="Relation" vid_source="8AD547B5-2A62-C945-BBD8-9A2BDCDDC7FD" vid_target="E9181348-64E6-D7F3-A43D-A98CE0E8A577">
<hideElementsInCurrentOnly>false</hideElementsInCurrentOnly>
<backgroundColor>-16777216</backgroundColor>
<lineWidth>1</lineWidth>
<points>
<point x="253" y="816"/>
<point x="253" y="117"/>
</points>
</Connector>
<Connector class="oracle.dbtools.crest.swingui.logical.TVRelation" oid="B95FD9CD-BFEC-CAD4-01EB-403864ECE5DE" otype="Relation" vid_source="7A829860-5205-F1C5-D191-02FFAFF09C86" vid_target="3C352322-5EAD-422D-C1D7-9CC538DD7522">
<hideElementsInCurrentOnly>false</hideElementsInCurrentOnly>
<backgroundColor>-16777216</backgroundColor>
<lineWidth>1</lineWidth>
<points>
<point x="1225" y="314"/>
<point x="1457" y="314"/>
</points>
</Connector>
<Connector class="oracle.dbtools.crest.swingui.logical.TVRelation" oid="B9962B68-D844-6BB0-BD35-02B21DCE4844" otype="Relation" vid_source="94906EF1-51B1-AA10-4341-D6CDB06D3226" vid_target="D83F4C74-2579-5733-6CF7-06C6B70F387D">
<hideElementsInCurrentOnly>false</hideElementsInCurrentOnly>
<backgroundColor>-16777216</backgroundColor>
<lineWidth>1</lineWidth>
<points>
<point x="2306" y="582"/>
<point x="2306" y="750"/>
</points>
</Connector>
<Connector class="oracle.dbtools.crest.swingui.logical.TVRelation" oid="C80A6B73-944D-E846-E526-59CF1CFAA490" otype="Relation" vid_source="5534E50D-2547-5870-55F6-3CD116FA68DB" vid_target="E9181348-64E6-D7F3-A43D-A98CE0E8A577">
<hideElementsInCurrentOnly>false</hideElementsInCurrentOnly>
<backgroundColor>-16777216</backgroundColor>
<lineWidth>1</lineWidth>
<points>
<point x="736" y="698"/>
<point x="268" y="117"/>
</points>
</Connector>
<Connector class="oracle.dbtools.crest.swingui.logical.TVRelation" oid="D2863633-EAEA-04C9-FF7C-C294D62C1043" otype="Relation" vid_source="5A98109C-E399-1814-3BEB-D395AE45FB78" vid_target="42ED4D7E-0912-E3F2-B929-6CA9012EB358">
<hideElementsInCurrentOnly>false</hideElementsInCurrentOnly>
<backgroundColor>-16777216</backgroundColor>
<lineWidth>1</lineWidth>
<points>
<point x="1339" y="791"/>
<point x="1339" y="850"/>
</points>
</Connector>
<Connector class="oracle.dbtools.crest.swingui.logical.TVRelation" oid="D5566F28-2DC3-8ACB-5894-50C7E916E24F" otype="Relation" vid_source="7A829860-5205-F1C5-D191-02FFAFF09C86" vid_target="5A98109C-E399-1814-3BEB-D395AE45FB78">
<hideElementsInCurrentOnly>false</hideElementsInCurrentOnly>
<backgroundColor>-16777216</backgroundColor>
<lineWidth>1</lineWidth>
<points>
<point x="1180" y="421"/>
<point x="1338" y="716"/>
</points>
</Connector>
<Connector class="oracle.dbtools.crest.swingui.logical.TVRelation" oid="DCF5B33F-8B21-D359-8608-9685843FC445" otype="Relation" vid_source="5534E50D-2547-5870-55F6-3CD116FA68DB" vid_target="50CF1A35-E71A-3E33-B05D-3A4334E34F85">
<hideElementsInCurrentOnly>false</hideElementsInCurrentOnly>
<backgroundColor>-16777216</backgroundColor>
<lineWidth>1</lineWidth>
<points>
<point x="864" y="698"/>
<point x="864" y="596"/>
</points>
</Connector>
<Connector class="oracle.dbtools.crest.swingui.logical.TVRelation" oid="DD1F323E-679B-3377-04CD-F1111C7BB716" otype="Relation" vid_source="7A829860-5205-F1C5-D191-02FFAFF09C86" vid_target="E9D6E84E-ADF9-4867-F6A9-AB12C5DB88D9">
<hideElementsInCurrentOnly>false</hideElementsInCurrentOnly>
<backgroundColor>-16777216</backgroundColor>
<lineWidth>1</lineWidth>
<points>
<point x="1055" y="400"/>
<point x="811" y="400"/>
</points>
</Connector>
<Connector class="oracle.dbtools.crest.swingui.logical.TVRelation" oid="DE7A786B-C1F7-B777-C42B-9B3FF05745B7" otype="Relation" vid_source="7A829860-5205-F1C5-D191-02FFAFF09C86" vid_target="CE989902-0100-39D5-235E-9EAD9EA18C85">
<hideElementsInCurrentOnly>false</hideElementsInCurrentOnly>
<backgroundColor>-16777216</backgroundColor>
<lineWidth>1</lineWidth>
<points>
<point x="1055" y="291"/>
<point x="868" y="173"/>
</points>
</Connector>
<Connector class="oracle.dbtools.crest.swingui.logical.TVRelation" oid="E7183EC1-16D9-7947-A824-DCC6277B7B91" otype="Relation" vid_source="8AD547B5-2A62-C945-BBD8-9A2BDCDDC7FD" vid_target="6BB88369-1F68-F1EA-6E94-F25C97C4A3A3">
<hideElementsInCurrentOnly>false</hideElementsInCurrentOnly>
<backgroundColor>-16777216</backgroundColor>
<lineWidth>1</lineWidth>
<points>
<point x="368" y="885"/>
<point x="643" y="885"/>
</points>
</Connector>
<Connector class="oracle.dbtools.crest.swingui.logical.TVRelation" oid="EBB6E23D-1D9C-CE5F-27AA-C8F28CC18838" otype="Relation" vid_source="5534E50D-2547-5870-55F6-3CD116FA68DB" vid_target="E9D6E84E-ADF9-4867-F6A9-AB12C5DB88D9">
<hideElementsInCurrentOnly>false</hideElementsInCurrentOnly>
<backgroundColor>-16777216</backgroundColor>
<lineWidth>1</lineWidth>
<points>
<point x="753" y="698"/>
<point x="753" y="462"/>
</points>
</Connector>
<Connector class="oracle.dbtools.crest.swingui.logical.TVRelation" oid="F1F8B354-7B04-38DE-6411-2C8153C6DD26" otype="Relation" vid_source="94906EF1-51B1-AA10-4341-D6CDB06D3226" vid_target="8FC2FF5B-A826-991B-C68A-31A30D068E18">
<hideElementsInCurrentOnly>false</hideElementsInCurrentOnly>
<backgroundColor>-16777216</backgroundColor>
<lineWidth>1</lineWidth>
<points>
<point x="2228" y="513"/>
<point x="1983" y="513"/>
</points>
</Connector>
<Connector class="oracle.dbtools.crest.swingui.logical.TVRelation" oid="F3A417C3-9D0F-ED5A-1282-1E76994DC095" otype="Relation" vid_source="500CF92F-267C-830D-EB3D-0E3D99A6F64B" vid_target="5534E50D-2547-5870-55F6-3CD116FA68DB">
<hideElementsInCurrentOnly>false</hideElementsInCurrentOnly>
<backgroundColor>-16777216</backgroundColor>
<lineWidth>1</lineWidth>
<points>
<point x="1748" y="395"/>
<point x="866" y="721"/>
</points>
</Connector>
<Connector class="oracle.dbtools.crest.swingui.logical.TVRelation" oid="F8D37FAF-ED04-1C14-738D-0FF285C0DF9E" otype="Relation" vid_source="B469C055-749E-4D79-DD4D-F3157BEA3CFF" vid_target="041EBD73-98F9-1842-DEC1-2217783885F2">
<hideElementsInCurrentOnly>false</hideElementsInCurrentOnly>
<backgroundColor>-16777216</backgroundColor>
<lineWidth>1</lineWidth>
<points>
<point x="1686" y="762"/>
<point x="1925" y="762"/>
</points>
</Connector>
<Connector class="oracle.dbtools.crest.swingui.logical.TVRelation" oid="FF23A3B2-E20D-EEF0-6C05-D67880DB4DA6" otype="Relation" vid_source="D717CB08-56F4-FDAD-0FD0-FDFF4EC49E6F" vid_target="66160593-4C74-8AEA-150D-B8A39017C2BB">
<hideElementsInCurrentOnly>false</hideElementsInCurrentOnly>
<backgroundColor>-16777216</backgroundColor>
<lineWidth>1</lineWidth>
<points>
<point x="1456" y="140"/>
<point x="1664" y="140"/>
</points>
</Connector>
</connectors>
</Diagram>