<?xml version = '1.0' encoding = 'UTF-8'?>
<Entity class="oracle.dbtools.crest.model.design.logical.Entity" directorySegmentName="seg_0" id="035582D5-659F-DD62-5E4C-620218B78A83" name="pais">
<createdBy>SEBASTIAN ROA</createdBy>
<createdTime>2020-04-05 21:49:06 UTC</createdTime>
<ownerDesignName>investigadores_gruposv2</ownerDesignName>
<engineerTo>
<item key="135B2A31-1B60-AB7A-48E1-BD1EC76DB788" value="true"/>
</engineerTo>
<adequatelyNormalized>NO</adequatelyNormalized>
<expectedVolumes>0</expectedVolumes>
<fwdEngineeringStrategyName>Single Table</fwdEngineeringStrategyName>
<growthPercent>0</growthPercent>
<growthType>Year</growthType>
<maxVolumes>9999999</maxVolumes>
<minVolumes>0</minVolumes>
<normalForm>Third</normalForm>
<attributes itemClass="oracle.dbtools.crest.model.design.logical.Attribute">
<Attribute name="cod_pais" id="2DF93B69-3ABF-65EE-0AA5-0B84A9F9D4BB">
<createdBy>SEBASTIAN ROA</createdBy>
<createdTime>2020-04-05 21:49:16 UTC</createdTime>
<commentInRDBMS><![CDATA[Codigo con el cual se identifica el pais 
]]></commentInRDBMS>
<ownerDesignName>investigadores_gruposv2</ownerDesignName>
<engineerTo>
<item key="135B2A31-1B60-AB7A-48E1-BD1EC76DB788" value="true"/>
</engineerTo>
<useDomainConstraints>false</useDomainConstraints>
<use>1</use>
<logicalDatatype>LOGDT019</logicalDatatype>
<ownDataTypeParameters>,,</ownDataTypeParameters>
</Attribute>
<Attribute name="cod_id" id="981DB546-3941-23D2-701A-A449E1076915">
<createdBy>SEBASTIAN ROA</createdBy>
<createdTime>2020-04-05 21:58:46 UTC</createdTime>
<generatorID>31266EDC-02A5-6825-B6E9-A503E44ABAD2</generatorID>
<ownerDesignName>investigadores_gruposv2</ownerDesignName>
<engineerTo>
<item key="135B2A31-1B60-AB7A-48E1-BD1EC76DB788" value="true"/>
</engineerTo>
<referedAttribute>86C07E09-691E-0F42-2038-21EF2AEB0AE1</referedAttribute>
<useDomainConstraints>false</useDomainConstraints>
<use>1</use>
<logicalDatatype>LOGDT019</logicalDatatype>
<ownDataTypeParameters>,,</ownDataTypeParameters>
</Attribute>
<Attribute name="Nom_pais" id="06737831-68C4-0EC9-6CCD-F06AB860A6E9">
<createdBy>SEBASTIAN ROA</createdBy>
<createdTime>2020-04-05 22:07:24 UTC</createdTime>
<commentInRDBMS><![CDATA[nombre del pais del investigador]]></commentInRDBMS>
<ownerDesignName>investigadores_gruposv2</ownerDesignName>
<engineerTo>
<item key="135B2A31-1B60-AB7A-48E1-BD1EC76DB788" value="true"/>
</engineerTo>
<nullsAllowed>true</nullsAllowed>
<useDomainConstraints>false</useDomainConstraints>
<use>1</use>
<logicalDatatype>LOGDT024</logicalDatatype>
<dataTypeSize>100</dataTypeSize>
<ownDataTypeParameters>100,,</ownDataTypeParameters>
</Attribute>
<Attribute name="nacionalidad" id="A6375A44-1167-4500-F2EE-524997068A12">
<createdBy>SEBASTIAN ROA</createdBy>
<createdTime>2020-04-05 22:07:48 UTC</createdTime>
<commentInRDBMS><![CDATA[nacionalidad del investigador ]]></commentInRDBMS>
<ownerDesignName>investigadores_gruposv2</ownerDesignName>
<engineerTo>
<item key="135B2A31-1B60-AB7A-48E1-BD1EC76DB788" value="true"/>
</engineerTo>
<nullsAllowed>true</nullsAllowed>
<useDomainConstraints>false</useDomainConstraints>
<use>1</use>
<logicalDatatype>LOGDT024</logicalDatatype>
<dataTypeSize>100</dataTypeSize>
<ownDataTypeParameters>100,,</ownDataTypeParameters>
</Attribute>
</attributes>
<identifiers itemClass="oracle.dbtools.crest.model.design.logical.CandidateKey">
<identifier id="ECF92B78-2026-A21F-BFB9-F140E4B7D0FC" name="pais PK">
<createdBy>SEBASTIAN ROA</createdBy>
<createdTime>2020-04-05 21:50:20 UTC</createdTime>
<ownerDesignName>investigadores_gruposv2</ownerDesignName>
<engineerTo>
<item key="135B2A31-1B60-AB7A-48E1-BD1EC76DB788" value="true"/>
</engineerTo>
<pk>true</pk>
<usedAttributes>
<attributeRef>2DF93B69-3ABF-65EE-0AA5-0B84A9F9D4BB</attributeRef>
</usedAttributes>
</identifier>
</identifiers>
</Entity>