<?xml version = '1.0' encoding = 'UTF-8'?>
<Entity class="oracle.dbtools.crest.model.design.logical.Entity" directorySegmentName="seg_0" id="04788302-80C9-423F-F533-84FC8EFF2B3B" name="Linea_investigacion">
<createdBy>SEBASTIAN ROA</createdBy>
<createdTime>2020-04-05 22:39:00 UTC</createdTime>
<ownerDesignName>investigadores_gruposv2</ownerDesignName>
<engineerTo>
<item key="135B2A31-1B60-AB7A-48E1-BD1EC76DB788" value="true"/>
</engineerTo>
<adequatelyNormalized>NO</adequatelyNormalized>
<expectedVolumes>0</expectedVolumes>
<fwdEngineeringStrategyName>Single Table</fwdEngineeringStrategyName>
<growthPercent>0</growthPercent>
<growthType>Year</growthType>
<maxVolumes>9999999</maxVolumes>
<minVolumes>0</minVolumes>
<normalForm>Third</normalForm>
<attributes itemClass="oracle.dbtools.crest.model.design.logical.Attribute">
<Attribute name="cod_linea_investigacion" id="8E136C46-272A-5936-E63F-7B443516F56D">
<createdBy>SEBASTIAN ROA</createdBy>
<createdTime>2020-04-05 22:39:12 UTC</createdTime>
<commentInRDBMS><![CDATA[codigo de la linea de investigacion]]></commentInRDBMS>
<ownerDesignName>investigadores_gruposv2</ownerDesignName>
<engineerTo>
<item key="135B2A31-1B60-AB7A-48E1-BD1EC76DB788" value="true"/>
</engineerTo>
<useDomainConstraints>false</useDomainConstraints>
<use>1</use>
<logicalDatatype>LOGDT019</logicalDatatype>
<ownDataTypeParameters>,,</ownDataTypeParameters>
</Attribute>
<Attribute name="Nombre" id="46489F2C-4270-08EE-A6D9-8A9E6668C123">
<createdBy>SEBASTIAN ROA</createdBy>
<createdTime>2020-04-05 22:39:33 UTC</createdTime>
<commentInRDBMS><![CDATA[nombre de la linea de investigacion ]]></commentInRDBMS>
<ownerDesignName>investigadores_gruposv2</ownerDesignName>
<engineerTo>
<item key="135B2A31-1B60-AB7A-48E1-BD1EC76DB788" value="true"/>
</engineerTo>
<nullsAllowed>true</nullsAllowed>
<useDomainConstraints>false</useDomainConstraints>
<use>1</use>
<logicalDatatype>LOGDT024</logicalDatatype>
<dataTypeSize>100</dataTypeSize>
<ownDataTypeParameters>100,,</ownDataTypeParameters>
</Attribute>
<Attribute name="Descripcion" id="92C761D4-783A-4213-6BAA-053B8B8195B4">
<createdBy>SEBASTIAN ROA</createdBy>
<createdTime>2020-04-05 22:39:54 UTC</createdTime>
<commentInRDBMS><![CDATA[descripcion de la linea de investigacion]]></commentInRDBMS>
<ownerDesignName>investigadores_gruposv2</ownerDesignName>
<engineerTo>
<item key="135B2A31-1B60-AB7A-48E1-BD1EC76DB788" value="true"/>
</engineerTo>
<nullsAllowed>true</nullsAllowed>
<useDomainConstraints>false</useDomainConstraints>
<use>1</use>
<logicalDatatype>LOGDT024</logicalDatatype>
<dataTypeSize>1000</dataTypeSize>
<ownDataTypeParameters>1000,,</ownDataTypeParameters>
</Attribute>
<Attribute name="cod_historia" id="A82D7992-CE5C-BBB2-A188-59056A55057D">
<createdBy>SEBASTIAN ROA</createdBy>
<createdTime>2020-04-05 22:40:42 UTC</createdTime>
<generatorID>25DA3237-4C81-1B1F-98CE-CF2D2BD81DAB</generatorID>
<ownerDesignName>investigadores_gruposv2</ownerDesignName>
<engineerTo>
<item key="135B2A31-1B60-AB7A-48E1-BD1EC76DB788" value="true"/>
</engineerTo>
<referedAttribute>433B2DC1-0530-A157-99A2-3C06AF82D89C</referedAttribute>
<useDomainConstraints>false</useDomainConstraints>
<use>1</use>
<logicalDatatype>LOGDT019</logicalDatatype>
<ownDataTypeParameters>,,</ownDataTypeParameters>
</Attribute>
<Attribute name="cod_trabajo" id="DAD91E61-25CA-455F-2CBC-80EB410EF5C5">
<createdBy>SEBASTIAN ROA</createdBy>
<createdTime>2020-04-05 23:11:23 UTC</createdTime>
<generatorID>2B378E3C-3FCF-160C-B112-B891DFA23032</generatorID>
<ownerDesignName>investigadores_gruposv2</ownerDesignName>
<engineerTo>
<item key="135B2A31-1B60-AB7A-48E1-BD1EC76DB788" value="true"/>
</engineerTo>
<referedAttribute>64422731-9266-53B2-A1FB-9E4CA79863AE</referedAttribute>
<useDomainConstraints>false</useDomainConstraints>
<use>1</use>
<logicalDatatype>LOGDT019</logicalDatatype>
<ownDataTypeParameters>,,</ownDataTypeParameters>
</Attribute>
<Attribute name="cod_grupo" id="502E3583-AC1A-42F2-DCC3-C0A0F8E6F5E4">
<createdBy>SEBASTIAN ROA</createdBy>
<createdTime>2020-04-05 23:33:33 UTC</createdTime>
<generatorID>A205EC0B-9E16-7F88-60E8-0D7FF0534C09</generatorID>
<ownerDesignName>investigadores_gruposv2</ownerDesignName>
<engineerTo>
<item key="135B2A31-1B60-AB7A-48E1-BD1EC76DB788" value="true"/>
</engineerTo>
<referedAttribute>DF012170-A962-6EA4-AC0E-0E60F5E3EBB8</referedAttribute>
<useDomainConstraints>false</useDomainConstraints>
<use>1</use>
<logicalDatatype>LOGDT019</logicalDatatype>
<ownDataTypeParameters>,,</ownDataTypeParameters>
</Attribute>
</attributes>
<identifiers itemClass="oracle.dbtools.crest.model.design.logical.CandidateKey">
<identifier id="4DB21008-1A4E-8B7F-F3F2-7436B6A6EEFE" name="Linea_investigacion PK">
<createdBy>SEBASTIAN ROA</createdBy>
<createdTime>2020-04-05 22:39:23 UTC</createdTime>
<ownerDesignName>investigadores_gruposv2</ownerDesignName>
<engineerTo>
<item key="135B2A31-1B60-AB7A-48E1-BD1EC76DB788" value="true"/>
</engineerTo>
<pk>true</pk>
<usedAttributes>
<attributeRef>8E136C46-272A-5936-E63F-7B443516F56D</attributeRef>
</usedAttributes>
</identifier>
</identifiers>
</Entity>