<?xml version = '1.0' encoding = 'UTF-8'?>
<Entity class="oracle.dbtools.crest.model.design.logical.Entity" directorySegmentName="seg_0" id="0D3A3DF5-9855-88CD-5977-B8CADC3D979D" name="Autores">
<createdBy>SEBASTIAN ROA</createdBy>
<createdTime>2020-04-05 23:02:29 UTC</createdTime>
<ownerDesignName>investigadores_gruposv2</ownerDesignName>
<engineerTo>
<item key="135B2A31-1B60-AB7A-48E1-BD1EC76DB788" value="true"/>
</engineerTo>
<adequatelyNormalized>NO</adequatelyNormalized>
<expectedVolumes>0</expectedVolumes>
<fwdEngineeringStrategyName>Single Table</fwdEngineeringStrategyName>
<growthPercent>0</growthPercent>
<growthType>Year</growthType>
<maxVolumes>9999999</maxVolumes>
<minVolumes>0</minVolumes>
<normalForm>Third</normalForm>
<attributes itemClass="oracle.dbtools.crest.model.design.logical.Attribute">
<Attribute name="cod_autores" id="26AF887F-680B-B510-1A96-32AE6608B07B">
<createdBy>SEBASTIAN ROA</createdBy>
<createdTime>2020-04-05 23:02:35 UTC</createdTime>
<commentInRDBMS><![CDATA[codigo con el cual se identifica a los autores]]></commentInRDBMS>
<ownerDesignName>investigadores_gruposv2</ownerDesignName>
<engineerTo>
<item key="135B2A31-1B60-AB7A-48E1-BD1EC76DB788" value="true"/>
</engineerTo>
<useDomainConstraints>false</useDomainConstraints>
<use>1</use>
<logicalDatatype>LOGDT019</logicalDatatype>
<ownDataTypeParameters>,,</ownDataTypeParameters>
</Attribute>
<Attribute name="nombre" id="56B81181-38FD-B0E1-53A0-EFD75FB70A45">
<createdBy>SEBASTIAN ROA</createdBy>
<createdTime>2020-04-05 23:02:58 UTC</createdTime>
<commentInRDBMS><![CDATA[nombre del autor del trabajo ]]></commentInRDBMS>
<ownerDesignName>investigadores_gruposv2</ownerDesignName>
<engineerTo>
<item key="135B2A31-1B60-AB7A-48E1-BD1EC76DB788" value="true"/>
</engineerTo>
<nullsAllowed>true</nullsAllowed>
<useDomainConstraints>false</useDomainConstraints>
<use>1</use>
<logicalDatatype>LOGDT024</logicalDatatype>
<dataTypeSize>100</dataTypeSize>
<ownDataTypeParameters>100,,</ownDataTypeParameters>
</Attribute>
<Attribute name="primer_apellido" id="A9A5EB09-B4B6-AF6F-DACF-7F920021485E">
<createdBy>SEBASTIAN ROA</createdBy>
<createdTime>2020-04-05 23:03:22 UTC</createdTime>
<commentInRDBMS><![CDATA[primer apellido del autos ]]></commentInRDBMS>
<ownerDesignName>investigadores_gruposv2</ownerDesignName>
<engineerTo>
<item key="135B2A31-1B60-AB7A-48E1-BD1EC76DB788" value="true"/>
</engineerTo>
<nullsAllowed>true</nullsAllowed>
<useDomainConstraints>false</useDomainConstraints>
<use>1</use>
<logicalDatatype>LOGDT024</logicalDatatype>
<dataTypeSize>100</dataTypeSize>
<ownDataTypeParameters>100,,</ownDataTypeParameters>
</Attribute>
<Attribute name="Segundo_apellido " id="B8F840CF-5F7A-F7BE-3333-D92838F6873C">
<createdBy>SEBASTIAN ROA</createdBy>
<createdTime>2020-04-05 23:03:59 UTC</createdTime>
<commentInRDBMS><![CDATA[segundo apellido del autor]]></commentInRDBMS>
<ownerDesignName>investigadores_gruposv2</ownerDesignName>
<engineerTo>
<item key="135B2A31-1B60-AB7A-48E1-BD1EC76DB788" value="true"/>
</engineerTo>
<nullsAllowed>true</nullsAllowed>
<useDomainConstraints>false</useDomainConstraints>
<use>1</use>
<logicalDatatype>LOGDT024</logicalDatatype>
<dataTypeSize>100</dataTypeSize>
<ownDataTypeParameters>100,,</ownDataTypeParameters>
</Attribute>
<Attribute name="cod_trabajo" id="CB3975C4-1545-E609-1979-77F97E315D4D">
<createdBy>SEBASTIAN ROA</createdBy>
<createdTime>2020-04-05 23:10:34 UTC</createdTime>
<generatorID>166E9574-36E3-7249-2A78-7299E32594AA</generatorID>
<ownerDesignName>investigadores_gruposv2</ownerDesignName>
<engineerTo>
<item key="135B2A31-1B60-AB7A-48E1-BD1EC76DB788" value="true"/>
</engineerTo>
<referedAttribute>64422731-9266-53B2-A1FB-9E4CA79863AE</referedAttribute>
<useDomainConstraints>false</useDomainConstraints>
<use>1</use>
<logicalDatatype>LOGDT019</logicalDatatype>
<ownDataTypeParameters>,,</ownDataTypeParameters>
</Attribute>
</attributes>
<identifiers itemClass="oracle.dbtools.crest.model.design.logical.CandidateKey">
<identifier id="F2F97753-A3B7-3BBF-45C7-50A76676DA03" name="Autores PK">
<createdBy>SEBASTIAN ROA</createdBy>
<createdTime>2020-04-05 23:02:46 UTC</createdTime>
<ownerDesignName>investigadores_gruposv2</ownerDesignName>
<engineerTo>
<item key="135B2A31-1B60-AB7A-48E1-BD1EC76DB788" value="true"/>
</engineerTo>
<pk>true</pk>
<usedAttributes>
<attributeRef>26AF887F-680B-B510-1A96-32AE6608B07B</attributeRef>
</usedAttributes>
</identifier>
</identifiers>
</Entity>