<?xml version = '1.0' encoding = 'UTF-8'?>
<Entity class="oracle.dbtools.crest.model.design.logical.Entity" directorySegmentName="seg_0" id="0FF3ADA7-CA94-7C82-BA8C-1916D17A60A7" name="direcciones ">
<createdBy>SEBASTIAN ROA</createdBy>
<createdTime>2020-04-05 21:53:27 UTC</createdTime>
<ownerDesignName>investigadores_gruposv2</ownerDesignName>
<engineerTo>
<item key="135B2A31-1B60-AB7A-48E1-BD1EC76DB788" value="true"/>
</engineerTo>
<adequatelyNormalized>NO</adequatelyNormalized>
<expectedVolumes>0</expectedVolumes>
<fwdEngineeringStrategyName>Single Table</fwdEngineeringStrategyName>
<growthPercent>0</growthPercent>
<growthType>Year</growthType>
<maxVolumes>9999999</maxVolumes>
<minVolumes>0</minVolumes>
<normalForm>Third</normalForm>
<attributes itemClass="oracle.dbtools.crest.model.design.logical.Attribute">
<Attribute name="cod_direcciones" id="4D19539B-BC8D-75F6-36EE-546F56DD12EE">
<createdBy>SEBASTIAN ROA</createdBy>
<createdTime>2020-04-05 21:53:33 UTC</createdTime>
<commentInRDBMS><![CDATA[codigo de la direccion 
]]></commentInRDBMS>
<ownerDesignName>investigadores_gruposv2</ownerDesignName>
<engineerTo>
<item key="135B2A31-1B60-AB7A-48E1-BD1EC76DB788" value="true"/>
</engineerTo>
<useDomainConstraints>false</useDomainConstraints>
<use>1</use>
<logicalDatatype>LOGDT019</logicalDatatype>
<ownDataTypeParameters>,,</ownDataTypeParameters>
</Attribute>
<Attribute name="cod_id" id="2E957ED7-94CF-F247-3E12-D7A25184B221">
<createdBy>SEBASTIAN ROA</createdBy>
<createdTime>2020-04-05 22:12:46 UTC</createdTime>
<generatorID>DD1F323E-679B-3377-04CD-F1111C7BB716</generatorID>
<ownerDesignName>investigadores_gruposv2</ownerDesignName>
<engineerTo>
<item key="135B2A31-1B60-AB7A-48E1-BD1EC76DB788" value="true"/>
</engineerTo>
<referedAttribute>86C07E09-691E-0F42-2038-21EF2AEB0AE1</referedAttribute>
<useDomainConstraints>false</useDomainConstraints>
<use>1</use>
<logicalDatatype>LOGDT019</logicalDatatype>
<ownDataTypeParameters>,,</ownDataTypeParameters>
</Attribute>
<Attribute name="Direccion_domicilio" id="7E85DFAD-42E3-35D4-1655-05D34677139F">
<createdBy>SEBASTIAN ROA</createdBy>
<createdTime>2020-04-05 22:13:13 UTC</createdTime>
<commentInRDBMS><![CDATA[direccion de domicilio del investigador]]></commentInRDBMS>
<ownerDesignName>investigadores_gruposv2</ownerDesignName>
<engineerTo>
<item key="135B2A31-1B60-AB7A-48E1-BD1EC76DB788" value="true"/>
</engineerTo>
<nullsAllowed>true</nullsAllowed>
<useDomainConstraints>false</useDomainConstraints>
<use>1</use>
<logicalDatatype>LOGDT024</logicalDatatype>
<dataTypeSize>100</dataTypeSize>
<ownDataTypeParameters>100,,</ownDataTypeParameters>
</Attribute>
<Attribute name="Direccion_laboral" id="06B84877-DEFD-5318-9E8F-4164F02B2C2C">
<createdBy>SEBASTIAN ROA</createdBy>
<createdTime>2020-04-05 22:13:38 UTC</createdTime>
<commentInRDBMS><![CDATA[direccion laboral del investigador ]]></commentInRDBMS>
<ownerDesignName>investigadores_gruposv2</ownerDesignName>
<engineerTo>
<item key="135B2A31-1B60-AB7A-48E1-BD1EC76DB788" value="true"/>
</engineerTo>
<nullsAllowed>true</nullsAllowed>
<useDomainConstraints>false</useDomainConstraints>
<use>1</use>
<logicalDatatype>LOGDT024</logicalDatatype>
<dataTypeSize>100</dataTypeSize>
<ownDataTypeParameters>100,,</ownDataTypeParameters>
</Attribute>
<Attribute name="cod_institucion" id="F0AB850F-8436-E461-D979-8317A6237D5B">
<createdBy>SEBASTIAN ROA</createdBy>
<createdTime>2020-04-05 22:30:26 UTC</createdTime>
<generatorID>EBB6E23D-1D9C-CE5F-27AA-C8F28CC18838</generatorID>
<ownerDesignName>investigadores_gruposv2</ownerDesignName>
<engineerTo>
<item key="135B2A31-1B60-AB7A-48E1-BD1EC76DB788" value="true"/>
</engineerTo>
<referedAttribute>9B7F2F57-D702-9EFF-DD98-C0039C01BBCF</referedAttribute>
<useDomainConstraints>false</useDomainConstraints>
<use>1</use>
<logicalDatatype>LOGDT019</logicalDatatype>
<ownDataTypeParameters>,,</ownDataTypeParameters>
</Attribute>
<Attribute name="Direccion_instituciones" id="94961EEE-06BC-81B1-5090-F0958DFFB8DA">
<createdBy>SEBASTIAN ROA</createdBy>
<createdTime>2020-04-05 22:30:48 UTC</createdTime>
<commentInRDBMS><![CDATA[direccion de la institucion educativa ]]></commentInRDBMS>
<ownerDesignName>investigadores_gruposv2</ownerDesignName>
<engineerTo>
<item key="135B2A31-1B60-AB7A-48E1-BD1EC76DB788" value="true"/>
</engineerTo>
<nullsAllowed>true</nullsAllowed>
<useDomainConstraints>false</useDomainConstraints>
<use>1</use>
<logicalDatatype>LOGDT024</logicalDatatype>
<ownDataTypeParameters>,,</ownDataTypeParameters>
</Attribute>
</attributes>
<identifiers itemClass="oracle.dbtools.crest.model.design.logical.CandidateKey">
<identifier id="1F29A73B-395A-6F44-7B19-AE106A8027F9" name="direcciones PK">
<createdBy>SEBASTIAN ROA</createdBy>
<createdTime>2020-04-05 21:54:37 UTC</createdTime>
<ownerDesignName>investigadores_gruposv2</ownerDesignName>
<engineerTo>
<item key="135B2A31-1B60-AB7A-48E1-BD1EC76DB788" value="true"/>
</engineerTo>
<pk>true</pk>
<usedAttributes>
<attributeRef>4D19539B-BC8D-75F6-36EE-546F56DD12EE</attributeRef>
</usedAttributes>
</identifier>
</identifiers>
</Entity>