<?xml version = '1.0' encoding = 'UTF-8'?>
<Entity class="oracle.dbtools.crest.model.design.logical.Entity" directorySegmentName="seg_0" id="1A4D2D04-DFF0-8E27-B533-473EDEC784CA" name="Identificacion_grupo">
<createdBy>SEBASTIAN ROA</createdBy>
<createdTime>2020-04-05 22:17:51 UTC</createdTime>
<ownerDesignName>investigadores_gruposv2</ownerDesignName>
<engineerTo>
<item key="135B2A31-1B60-AB7A-48E1-BD1EC76DB788" value="true"/>
</engineerTo>
<adequatelyNormalized>NO</adequatelyNormalized>
<expectedVolumes>0</expectedVolumes>
<fwdEngineeringStrategyName>Single Table</fwdEngineeringStrategyName>
<growthPercent>0</growthPercent>
<growthType>Year</growthType>
<maxVolumes>9999999</maxVolumes>
<minVolumes>0</minVolumes>
<normalForm>Third</normalForm>
<attributes itemClass="oracle.dbtools.crest.model.design.logical.Attribute">
<Attribute name="cod_id_grupo" id="6A081BBD-2072-C340-C215-193D671FA3B4">
<createdBy>SEBASTIAN ROA</createdBy>
<createdTime>2020-04-05 22:18:07 UTC</createdTime>
<commentInRDBMS><![CDATA[codigo identificacion_grupo
]]></commentInRDBMS>
<ownerDesignName>investigadores_gruposv2</ownerDesignName>
<engineerTo>
<item key="135B2A31-1B60-AB7A-48E1-BD1EC76DB788" value="true"/>
</engineerTo>
<useDomainConstraints>false</useDomainConstraints>
<use>1</use>
<logicalDatatype>LOGDT019</logicalDatatype>
<ownDataTypeParameters>,,</ownDataTypeParameters>
</Attribute>
<Attribute name="cod_grupo" id="86DF9CA1-20B9-9A1B-426C-5A04F028D4E7">
<createdBy>SEBASTIAN ROA</createdBy>
<createdTime>2020-04-05 22:18:55 UTC</createdTime>
<generatorID>AEEB3D47-8C50-7644-98C9-D69A77917DFA</generatorID>
<ownerDesignName>investigadores_gruposv2</ownerDesignName>
<engineerTo>
<item key="135B2A31-1B60-AB7A-48E1-BD1EC76DB788" value="true"/>
</engineerTo>
<referedAttribute>DF012170-A962-6EA4-AC0E-0E60F5E3EBB8</referedAttribute>
<useDomainConstraints>false</useDomainConstraints>
<use>1</use>
<logicalDatatype>LOGDT019</logicalDatatype>
<ownDataTypeParameters>,,</ownDataTypeParameters>
</Attribute>
<Attribute name="cod_id" id="9981E27F-75D4-3E96-4625-E501E471BE96">
<createdBy>SEBASTIAN ROA</createdBy>
<createdTime>2020-04-05 22:19:11 UTC</createdTime>
<generatorID>4ACC2FB8-156B-2C34-AC06-92D075E9C72B</generatorID>
<ownerDesignName>investigadores_gruposv2</ownerDesignName>
<engineerTo>
<item key="135B2A31-1B60-AB7A-48E1-BD1EC76DB788" value="true"/>
</engineerTo>
<referedAttribute>86C07E09-691E-0F42-2038-21EF2AEB0AE1</referedAttribute>
<useDomainConstraints>false</useDomainConstraints>
<use>1</use>
<logicalDatatype>LOGDT019</logicalDatatype>
<ownDataTypeParameters>,,</ownDataTypeParameters>
</Attribute>
<Attribute name="Fecha_Inicio" id="0AD45085-E84F-B80D-6809-655772A3D35B">
<createdBy>SEBASTIAN ROA</createdBy>
<createdTime>2020-04-05 23:24:01 UTC</createdTime>
<commentInRDBMS><![CDATA[Fecha en ela que investigador comenso en el grupo]]></commentInRDBMS>
<ownerDesignName>investigadores_gruposv2</ownerDesignName>
<engineerTo>
<item key="135B2A31-1B60-AB7A-48E1-BD1EC76DB788" value="true"/>
</engineerTo>
<nullsAllowed>true</nullsAllowed>
<useDomainConstraints>false</useDomainConstraints>
<use>1</use>
<logicalDatatype>LOGDT007</logicalDatatype>
<ownDataTypeParameters>,,</ownDataTypeParameters>
</Attribute>
<Attribute name="Fecha_ terminacion " id="A1CFBEEB-16CE-F28F-371A-5DECAFD327AC">
<createdBy>SEBASTIAN ROA</createdBy>
<createdTime>2020-04-05 23:24:24 UTC</createdTime>
<commentInRDBMS><![CDATA[fecha en la que el se termino el grupo de investigacion ]]></commentInRDBMS>
<ownerDesignName>investigadores_gruposv2</ownerDesignName>
<engineerTo>
<item key="135B2A31-1B60-AB7A-48E1-BD1EC76DB788" value="true"/>
</engineerTo>
<nullsAllowed>true</nullsAllowed>
<useDomainConstraints>false</useDomainConstraints>
<use>1</use>
<logicalDatatype>LOGDT007</logicalDatatype>
<ownDataTypeParameters>,,</ownDataTypeParameters>
</Attribute>
<Attribute name="Estado" id="727356F2-D76D-C526-4B86-01B6B3B7065E">
<createdBy>SEBASTIAN ROA</createdBy>
<createdTime>2020-04-05 23:25:07 UTC</createdTime>
<commentInRDBMS><![CDATA[estado que se encuentra el investigador en el grupo de investigacion ]]></commentInRDBMS>
<ownerDesignName>investigadores_gruposv2</ownerDesignName>
<engineerTo>
<item key="135B2A31-1B60-AB7A-48E1-BD1EC76DB788" value="true"/>
</engineerTo>
<nullsAllowed>true</nullsAllowed>
<useDomainConstraints>false</useDomainConstraints>
<use>1</use>
<logicalDatatype>LOGDT006</logicalDatatype>
<dataTypeSize>2</dataTypeSize>
<ownDataTypeParameters>2,,</ownDataTypeParameters>
</Attribute>
</attributes>
<identifiers itemClass="oracle.dbtools.crest.model.design.logical.CandidateKey">
<identifier id="09BD20CB-84B3-8069-4069-F80FFF0D4873" name="Identificacion_grupo PK">
<createdBy>SEBASTIAN ROA</createdBy>
<createdTime>2020-04-05 22:18:29 UTC</createdTime>
<ownerDesignName>investigadores_gruposv2</ownerDesignName>
<engineerTo>
<item key="135B2A31-1B60-AB7A-48E1-BD1EC76DB788" value="true"/>
</engineerTo>
<pk>true</pk>
<usedAttributes>
<attributeRef>6A081BBD-2072-C340-C215-193D671FA3B4</attributeRef>
</usedAttributes>
</identifier>
</identifiers>
</Entity>