<?xml version = '1.0' encoding = 'UTF-8'?>
<Entity class="oracle.dbtools.crest.model.design.logical.Entity" directorySegmentName="seg_0" id="24215E0A-9E35-F4B4-0C29-330B25DDDA32" name="Areas_conocimiento">
<createdBy>SEBASTIAN ROA</createdBy>
<createdTime>2020-04-05 23:31:42 UTC</createdTime>
<ownerDesignName>investigadores_gruposv2</ownerDesignName>
<engineerTo>
<item key="135B2A31-1B60-AB7A-48E1-BD1EC76DB788" value="true"/>
</engineerTo>
<adequatelyNormalized>NO</adequatelyNormalized>
<expectedVolumes>0</expectedVolumes>
<fwdEngineeringStrategyName>Single Table</fwdEngineeringStrategyName>
<growthPercent>0</growthPercent>
<growthType>Year</growthType>
<maxVolumes>9999999</maxVolumes>
<minVolumes>0</minVolumes>
<normalForm>Third</normalForm>
<attributes itemClass="oracle.dbtools.crest.model.design.logical.Attribute">
<Attribute name="cod_area" id="41398377-2A2A-DAF4-0FC6-E253E192130D">
<createdBy>SEBASTIAN ROA</createdBy>
<createdTime>2020-04-05 23:31:59 UTC</createdTime>
<commentInRDBMS><![CDATA[codigo con el cual se identifica el area del conocimiento ]]></commentInRDBMS>
<ownerDesignName>investigadores_gruposv2</ownerDesignName>
<engineerTo>
<item key="135B2A31-1B60-AB7A-48E1-BD1EC76DB788" value="true"/>
</engineerTo>
<useDomainConstraints>false</useDomainConstraints>
<use>1</use>
<logicalDatatype>LOGDT019</logicalDatatype>
<ownDataTypeParameters>,,</ownDataTypeParameters>
</Attribute>
<Attribute name="nombre_area" id="9E1CA2B6-4596-22AC-FB74-F768115A2B12">
<createdBy>SEBASTIAN ROA</createdBy>
<createdTime>2020-04-05 23:32:25 UTC</createdTime>
<commentInRDBMS><![CDATA[nombre del area del conocimiento ]]></commentInRDBMS>
<ownerDesignName>investigadores_gruposv2</ownerDesignName>
<engineerTo>
<item key="135B2A31-1B60-AB7A-48E1-BD1EC76DB788" value="true"/>
</engineerTo>
<nullsAllowed>true</nullsAllowed>
<useDomainConstraints>false</useDomainConstraints>
<use>1</use>
<logicalDatatype>LOGDT024</logicalDatatype>
<dataTypeSize>100</dataTypeSize>
<ownDataTypeParameters>100,,</ownDataTypeParameters>
</Attribute>
<Attribute name="cod_grupo" id="3E9DF16F-C0F4-81C1-6E54-91BA28B841CB">
<createdBy>SEBASTIAN ROA</createdBy>
<createdTime>2020-04-05 23:33:02 UTC</createdTime>
<generatorID>847CF78A-5848-2090-153C-F90B3557233D</generatorID>
<ownerDesignName>investigadores_gruposv2</ownerDesignName>
<engineerTo>
<item key="135B2A31-1B60-AB7A-48E1-BD1EC76DB788" value="true"/>
</engineerTo>
<referedAttribute>DF012170-A962-6EA4-AC0E-0E60F5E3EBB8</referedAttribute>
<useDomainConstraints>false</useDomainConstraints>
<use>1</use>
<logicalDatatype>LOGDT019</logicalDatatype>
<ownDataTypeParameters>,,</ownDataTypeParameters>
</Attribute>
</attributes>
<identifiers itemClass="oracle.dbtools.crest.model.design.logical.CandidateKey">
<identifier id="6FA5CECA-FB24-BB66-0AEC-66B8D97E9209" name="Areas_conocimiento PK">
<createdBy>SEBASTIAN ROA</createdBy>
<createdTime>2020-04-05 23:32:11 UTC</createdTime>
<ownerDesignName>investigadores_gruposv2</ownerDesignName>
<engineerTo>
<item key="135B2A31-1B60-AB7A-48E1-BD1EC76DB788" value="true"/>
</engineerTo>
<pk>true</pk>
<usedAttributes>
<attributeRef>41398377-2A2A-DAF4-0FC6-E253E192130D</attributeRef>
</usedAttributes>
</identifier>
</identifiers>
</Entity>