<?xml version = '1.0' encoding = 'UTF-8'?>
<Entity class="oracle.dbtools.crest.model.design.logical.Entity" directorySegmentName="seg_0" id="24463411-3F54-5AE6-DDB9-6987FBF955D9" name="distrito_libreta ">
<createdBy>SEBASTIAN ROA</createdBy>
<createdTime>2020-04-05 21:51:52 UTC</createdTime>
<ownerDesignName>investigadores_gruposv2</ownerDesignName>
<engineerTo>
<item key="135B2A31-1B60-AB7A-48E1-BD1EC76DB788" value="true"/>
</engineerTo>
<adequatelyNormalized>NO</adequatelyNormalized>
<expectedVolumes>0</expectedVolumes>
<fwdEngineeringStrategyName>Single Table</fwdEngineeringStrategyName>
<growthPercent>0</growthPercent>
<growthType>Year</growthType>
<maxVolumes>9999999</maxVolumes>
<minVolumes>0</minVolumes>
<normalForm>Third</normalForm>
<attributes itemClass="oracle.dbtools.crest.model.design.logical.Attribute">
<Attribute name="cod_distrito" id="52EF0160-341D-D7FF-32B7-3A16CC17E585">
<createdBy>SEBASTIAN ROA</createdBy>
<createdTime>2020-04-05 21:52:10 UTC</createdTime>
<commentInRDBMS><![CDATA[codigo con el cual se identifica el distrito militar 
]]></commentInRDBMS>
<ownerDesignName>investigadores_gruposv2</ownerDesignName>
<engineerTo>
<item key="135B2A31-1B60-AB7A-48E1-BD1EC76DB788" value="true"/>
</engineerTo>
<useDomainConstraints>false</useDomainConstraints>
<use>1</use>
<logicalDatatype>LOGDT019</logicalDatatype>
<ownDataTypeParameters>,,</ownDataTypeParameters>
</Attribute>
<Attribute name="cod_libreta" id="05A95BF2-C4A1-AEB4-1738-DAEF80892AD0">
<createdBy>SEBASTIAN ROA</createdBy>
<createdTime>2020-04-05 22:00:42 UTC</createdTime>
<generatorID>D2863633-EAEA-04C9-FF7C-C294D62C1043</generatorID>
<ownerDesignName>investigadores_gruposv2</ownerDesignName>
<engineerTo>
<item key="135B2A31-1B60-AB7A-48E1-BD1EC76DB788" value="true"/>
</engineerTo>
<referedAttribute>D917379B-7AB9-DA12-5BFB-1EA4D542F502</referedAttribute>
<useDomainConstraints>false</useDomainConstraints>
<use>1</use>
<logicalDatatype>LOGDT019</logicalDatatype>
<ownDataTypeParameters>,,</ownDataTypeParameters>
</Attribute>
<Attribute name="cod_id" id="4F15382F-2B65-650E-62BF-378F73BEAD45">
<createdBy>SEBASTIAN ROA</createdBy>
<createdTime>2020-04-05 22:00:42 UTC</createdTime>
<generatorID>D2863633-EAEA-04C9-FF7C-C294D62C1043</generatorID>
<ownerDesignName>investigadores_gruposv2</ownerDesignName>
<engineerTo>
<item key="135B2A31-1B60-AB7A-48E1-BD1EC76DB788" value="true"/>
</engineerTo>
<referedAttribute>4073E488-18CE-17D0-A928-20AFA04FD751</referedAttribute>
<useDomainConstraints>false</useDomainConstraints>
<use>1</use>
<logicalDatatype>LOGDT019</logicalDatatype>
<ownDataTypeParameters>,,</ownDataTypeParameters>
</Attribute>
<Attribute name="numero_distrito" id="F1A7649B-11D5-6F94-783F-72EBBC4899FF">
<createdBy>SEBASTIAN ROA</createdBy>
<createdTime>2020-04-05 22:11:38 UTC</createdTime>
<commentInRDBMS><![CDATA[numero dle distrito militar]]></commentInRDBMS>
<ownerDesignName>investigadores_gruposv2</ownerDesignName>
<engineerTo>
<item key="135B2A31-1B60-AB7A-48E1-BD1EC76DB788" value="true"/>
</engineerTo>
<nullsAllowed>true</nullsAllowed>
<useDomainConstraints>false</useDomainConstraints>
<use>1</use>
<logicalDatatype>LOGDT019</logicalDatatype>
<ownDataTypeParameters>,,</ownDataTypeParameters>
</Attribute>
<Attribute name="nombre_distrito" id="D24A59D2-0C12-4C31-DB9F-CB72BDA9DAAB">
<createdBy>SEBASTIAN ROA</createdBy>
<createdTime>2020-04-05 22:12:12 UTC</createdTime>
<commentInRDBMS><![CDATA[nombre dle distrito militar ]]></commentInRDBMS>
<ownerDesignName>investigadores_gruposv2</ownerDesignName>
<engineerTo>
<item key="135B2A31-1B60-AB7A-48E1-BD1EC76DB788" value="true"/>
</engineerTo>
<nullsAllowed>true</nullsAllowed>
<useDomainConstraints>false</useDomainConstraints>
<use>1</use>
<logicalDatatype>LOGDT024</logicalDatatype>
<dataTypeSize>100</dataTypeSize>
<ownDataTypeParameters>100,,</ownDataTypeParameters>
</Attribute>
</attributes>
<identifiers itemClass="oracle.dbtools.crest.model.design.logical.CandidateKey">
<identifier id="22048794-BD7C-2533-C46D-1966EB3C7AC7" name="distrito_libreta PK">
<createdBy>SEBASTIAN ROA</createdBy>
<createdTime>2020-04-05 21:52:21 UTC</createdTime>
<ownerDesignName>investigadores_gruposv2</ownerDesignName>
<engineerTo>
<item key="135B2A31-1B60-AB7A-48E1-BD1EC76DB788" value="true"/>
</engineerTo>
<pk>true</pk>
<usedAttributes>
<attributeRef>52EF0160-341D-D7FF-32B7-3A16CC17E585</attributeRef>
</usedAttributes>
</identifier>
</identifiers>
</Entity>