<?xml version = '1.0' encoding = 'UTF-8'?>
<Entity class="oracle.dbtools.crest.model.design.logical.Entity" directorySegmentName="seg_0" id="3420B586-7147-3508-45BA-4BF5B9B07A41" name="correo">
<createdBy>SEBASTIAN ROA</createdBy>
<createdTime>2020-04-05 21:54:45 UTC</createdTime>
<ownerDesignName>investigadores_gruposv2</ownerDesignName>
<engineerTo>
<item key="135B2A31-1B60-AB7A-48E1-BD1EC76DB788" value="true"/>
</engineerTo>
<adequatelyNormalized>NO</adequatelyNormalized>
<expectedVolumes>0</expectedVolumes>
<fwdEngineeringStrategyName>Single Table</fwdEngineeringStrategyName>
<growthPercent>0</growthPercent>
<growthType>Year</growthType>
<maxVolumes>9999999</maxVolumes>
<minVolumes>0</minVolumes>
<normalForm>Third</normalForm>
<attributes itemClass="oracle.dbtools.crest.model.design.logical.Attribute">
<Attribute name="cod_correo" id="11C79156-D0F5-D976-46F1-F771797BEDC2">
<createdBy>SEBASTIAN ROA</createdBy>
<createdTime>2020-04-05 21:54:49 UTC</createdTime>
<commentInRDBMS><![CDATA[codigo con el cual se identifica el correo]]></commentInRDBMS>
<ownerDesignName>investigadores_gruposv2</ownerDesignName>
<engineerTo>
<item key="135B2A31-1B60-AB7A-48E1-BD1EC76DB788" value="true"/>
</engineerTo>
<useDomainConstraints>false</useDomainConstraints>
<use>1</use>
<logicalDatatype>LOGDT019</logicalDatatype>
<ownDataTypeParameters>,,</ownDataTypeParameters>
</Attribute>
<Attribute name="cod_id" id="E9F7F576-FECE-94CD-672C-BD026AB44AAB">
<createdBy>SEBASTIAN ROA</createdBy>
<createdTime>2020-04-05 21:59:38 UTC</createdTime>
<generatorID>0EC26E67-F902-BE76-F267-2072F107F4CF</generatorID>
<ownerDesignName>investigadores_gruposv2</ownerDesignName>
<engineerTo>
<item key="135B2A31-1B60-AB7A-48E1-BD1EC76DB788" value="true"/>
</engineerTo>
<referedAttribute>86C07E09-691E-0F42-2038-21EF2AEB0AE1</referedAttribute>
<useDomainConstraints>false</useDomainConstraints>
<use>1</use>
<logicalDatatype>LOGDT019</logicalDatatype>
<ownDataTypeParameters>,,</ownDataTypeParameters>
</Attribute>
<Attribute name="Correo_personal" id="C24DB308-CB51-7DF5-DC98-2E108986B289">
<createdBy>SEBASTIAN ROA</createdBy>
<createdTime>2020-04-05 22:09:28 UTC</createdTime>
<commentInRDBMS><![CDATA[correo personal del investigador]]></commentInRDBMS>
<ownerDesignName>investigadores_gruposv2</ownerDesignName>
<engineerTo>
<item key="135B2A31-1B60-AB7A-48E1-BD1EC76DB788" value="true"/>
</engineerTo>
<nullsAllowed>true</nullsAllowed>
<useDomainConstraints>false</useDomainConstraints>
<use>1</use>
<logicalDatatype>LOGDT024</logicalDatatype>
<dataTypeSize>100</dataTypeSize>
<ownDataTypeParameters>100,,</ownDataTypeParameters>
</Attribute>
<Attribute name="Correo_corporativo" id="8277ED9E-E0A4-A14B-8DF6-94439FEF06DF">
<createdBy>SEBASTIAN ROA</createdBy>
<createdTime>2020-04-05 22:09:56 UTC</createdTime>
<commentInRDBMS><![CDATA[correo corporativo del investigador ]]></commentInRDBMS>
<ownerDesignName>investigadores_gruposv2</ownerDesignName>
<engineerTo>
<item key="135B2A31-1B60-AB7A-48E1-BD1EC76DB788" value="true"/>
</engineerTo>
<nullsAllowed>true</nullsAllowed>
<useDomainConstraints>false</useDomainConstraints>
<use>1</use>
<logicalDatatype>LOGDT024</logicalDatatype>
<dataTypeSize>100</dataTypeSize>
<ownDataTypeParameters>100,,</ownDataTypeParameters>
</Attribute>
<Attribute name="Corre_jurado_tesis" id="83E936AA-6264-C329-0ACF-6951D7BFD18D">
<createdBy>SEBASTIAN ROA</createdBy>
<createdTime>2020-04-05 22:37:20 UTC</createdTime>
<commentInRDBMS><![CDATA[correo del jurado de la tesis ]]></commentInRDBMS>
<ownerDesignName>investigadores_gruposv2</ownerDesignName>
<engineerTo>
<item key="135B2A31-1B60-AB7A-48E1-BD1EC76DB788" value="true"/>
</engineerTo>
<nullsAllowed>true</nullsAllowed>
<useDomainConstraints>false</useDomainConstraints>
<use>1</use>
<logicalDatatype>LOGDT024</logicalDatatype>
<ownDataTypeParameters>,,</ownDataTypeParameters>
</Attribute>
<Attribute name="cod_jurado" id="87CAE6A7-AA02-3F94-0A41-04BA8D698A0D">
<createdBy>SEBASTIAN ROA</createdBy>
<createdTime>2020-04-05 22:42:39 UTC</createdTime>
<generatorID>390A7002-A0B0-DFBC-84AF-873F1DF79808</generatorID>
<ownerDesignName>investigadores_gruposv2</ownerDesignName>
<engineerTo>
<item key="135B2A31-1B60-AB7A-48E1-BD1EC76DB788" value="true"/>
</engineerTo>
<referedAttribute>20FE0DAC-3093-D8C8-B66D-3F24DAD2B148</referedAttribute>
<useDomainConstraints>false</useDomainConstraints>
<use>1</use>
<logicalDatatype>LOGDT019</logicalDatatype>
<ownDataTypeParameters>,,</ownDataTypeParameters>
</Attribute>
</attributes>
<identifiers itemClass="oracle.dbtools.crest.model.design.logical.CandidateKey">
<identifier id="DF38054B-3F76-9317-AECB-4425C1D5C078" name="correo PK">
<createdBy>SEBASTIAN ROA</createdBy>
<createdTime>2020-04-05 21:55:00 UTC</createdTime>
<ownerDesignName>investigadores_gruposv2</ownerDesignName>
<engineerTo>
<item key="135B2A31-1B60-AB7A-48E1-BD1EC76DB788" value="true"/>
</engineerTo>
<pk>true</pk>
<usedAttributes>
<attributeRef>11C79156-D0F5-D976-46F1-F771797BEDC2</attributeRef>
</usedAttributes>
</identifier>
</identifiers>
</Entity>