<?xml version = '1.0' encoding = 'UTF-8'?>
<Entity class="oracle.dbtools.crest.model.design.logical.Entity" directorySegmentName="seg_0" id="4FEB1F88-C25C-1CDD-3B2D-1D0FD5F28383" name="tipo_ID">
<createdBy>SEBASTIAN ROA</createdBy>
<createdTime>2020-04-05 21:56:48 UTC</createdTime>
<ownerDesignName>investigadores_gruposv2</ownerDesignName>
<engineerTo>
<item key="135B2A31-1B60-AB7A-48E1-BD1EC76DB788" value="true"/>
</engineerTo>
<adequatelyNormalized>NO</adequatelyNormalized>
<expectedVolumes>0</expectedVolumes>
<fwdEngineeringStrategyName>Single Table</fwdEngineeringStrategyName>
<growthPercent>0</growthPercent>
<growthType>Year</growthType>
<maxVolumes>9999999</maxVolumes>
<minVolumes>0</minVolumes>
<normalForm>Third</normalForm>
<attributes itemClass="oracle.dbtools.crest.model.design.logical.Attribute">
<Attribute name="cod_TipoID" id="A4214C2A-ABE4-10A0-B4F2-CB9C63E53C57">
<createdBy>SEBASTIAN ROA</createdBy>
<createdTime>2020-04-05 21:57:00 UTC</createdTime>
<commentInRDBMS><![CDATA[codigo que identifica el tipo de ID
]]></commentInRDBMS>
<ownerDesignName>investigadores_gruposv2</ownerDesignName>
<engineerTo>
<item key="135B2A31-1B60-AB7A-48E1-BD1EC76DB788" value="true"/>
</engineerTo>
<useDomainConstraints>false</useDomainConstraints>
<use>1</use>
<logicalDatatype>LOGDT019</logicalDatatype>
<ownDataTypeParameters>,,</ownDataTypeParameters>
</Attribute>
<Attribute name="cod_id" id="BD70ACEC-084C-3490-DA8E-2ECD8451605F">
<createdBy>SEBASTIAN ROA</createdBy>
<createdTime>2020-04-05 22:01:33 UTC</createdTime>
<generatorID>DE7A786B-C1F7-B777-C42B-9B3FF05745B7</generatorID>
<ownerDesignName>investigadores_gruposv2</ownerDesignName>
<engineerTo>
<item key="135B2A31-1B60-AB7A-48E1-BD1EC76DB788" value="true"/>
</engineerTo>
<referedAttribute>86C07E09-691E-0F42-2038-21EF2AEB0AE1</referedAttribute>
<useDomainConstraints>false</useDomainConstraints>
<use>1</use>
<logicalDatatype>LOGDT019</logicalDatatype>
<ownDataTypeParameters>,,</ownDataTypeParameters>
</Attribute>
<Attribute name="Tipo_de_identificacion" id="B7482F17-0F5E-7DE7-6AD6-63C1089DB47E">
<createdBy>SEBASTIAN ROA</createdBy>
<createdTime>2020-04-05 22:06:05 UTC</createdTime>
<commentInRDBMS><![CDATA[tipo de identificacion del investigador]]></commentInRDBMS>
<ownerDesignName>investigadores_gruposv2</ownerDesignName>
<engineerTo>
<item key="135B2A31-1B60-AB7A-48E1-BD1EC76DB788" value="true"/>
</engineerTo>
<nullsAllowed>true</nullsAllowed>
<useDomainConstraints>false</useDomainConstraints>
<use>1</use>
<logicalDatatype>LOGDT024</logicalDatatype>
<dataTypeSize>100</dataTypeSize>
<ownDataTypeParameters>100,,</ownDataTypeParameters>
</Attribute>
<Attribute name="Num_id" id="359A66A2-B489-9D0C-FC8A-11C2541BC9D4">
<createdBy>SEBASTIAN ROA</createdBy>
<createdTime>2020-04-05 22:06:44 UTC</createdTime>
<commentInRDBMS><![CDATA[Numero de identificacion del investigador]]></commentInRDBMS>
<ownerDesignName>investigadores_gruposv2</ownerDesignName>
<engineerTo>
<item key="135B2A31-1B60-AB7A-48E1-BD1EC76DB788" value="true"/>
</engineerTo>
<nullsAllowed>true</nullsAllowed>
<useDomainConstraints>false</useDomainConstraints>
<use>1</use>
<logicalDatatype>LOGDT019</logicalDatatype>
<ownDataTypeParameters>,,</ownDataTypeParameters>
</Attribute>
</attributes>
<identifiers itemClass="oracle.dbtools.crest.model.design.logical.CandidateKey">
<identifier id="1A5AEE2A-61DC-21E8-B4FE-3BD81B49406D" name="tipo_ID PK">
<createdBy>SEBASTIAN ROA</createdBy>
<createdTime>2020-04-05 21:57:18 UTC</createdTime>
<ownerDesignName>investigadores_gruposv2</ownerDesignName>
<engineerTo>
<item key="135B2A31-1B60-AB7A-48E1-BD1EC76DB788" value="true"/>
</engineerTo>
<pk>true</pk>
<usedAttributes>
<attributeRef>A4214C2A-ABE4-10A0-B4F2-CB9C63E53C57</attributeRef>
</usedAttributes>
</identifier>
</identifiers>
</Entity>