<?xml version = '1.0' encoding = 'UTF-8'?>
<Entity class="oracle.dbtools.crest.model.design.logical.Entity" directorySegmentName="seg_0" id="55991A4A-ABAB-A564-746E-DF097527FB18" name="Grupo">
<createdBy>SEBASTIAN ROA</createdBy>
<createdTime>2020-04-05 22:17:14 UTC</createdTime>
<ownerDesignName>investigadores_gruposv2</ownerDesignName>
<engineerTo>
<item key="135B2A31-1B60-AB7A-48E1-BD1EC76DB788" value="true"/>
</engineerTo>
<adequatelyNormalized>NO</adequatelyNormalized>
<expectedVolumes>0</expectedVolumes>
<fwdEngineeringStrategyName>Single Table</fwdEngineeringStrategyName>
<growthPercent>0</growthPercent>
<growthType>Year</growthType>
<maxVolumes>9999999</maxVolumes>
<minVolumes>0</minVolumes>
<normalForm>Third</normalForm>
<attributes itemClass="oracle.dbtools.crest.model.design.logical.Attribute">
<Attribute name="cod_grupo" id="DF012170-A962-6EA4-AC0E-0E60F5E3EBB8">
<createdBy>SEBASTIAN ROA</createdBy>
<createdTime>2020-04-05 22:17:23 UTC</createdTime>
<commentInRDBMS><![CDATA[codigo con el que se identifica el grupo]]></commentInRDBMS>
<ownerDesignName>investigadores_gruposv2</ownerDesignName>
<engineerTo>
<item key="135B2A31-1B60-AB7A-48E1-BD1EC76DB788" value="true"/>
</engineerTo>
<useDomainConstraints>false</useDomainConstraints>
<use>1</use>
<logicalDatatype>LOGDT019</logicalDatatype>
<ownDataTypeParameters>,,</ownDataTypeParameters>
</Attribute>
<Attribute name="pagina_Web" id="3554FF77-3235-43F4-166C-F244E11EB74B">
<createdBy>SEBASTIAN ROA</createdBy>
<createdTime>2020-04-05 23:26:56 UTC</createdTime>
<commentInRDBMS><![CDATA[correo electronico del grupo de investigacion ]]></commentInRDBMS>
<ownerDesignName>investigadores_gruposv2</ownerDesignName>
<engineerTo>
<item key="135B2A31-1B60-AB7A-48E1-BD1EC76DB788" value="true"/>
</engineerTo>
<nullsAllowed>true</nullsAllowed>
<useDomainConstraints>false</useDomainConstraints>
<use>1</use>
<logicalDatatype>LOGDT024</logicalDatatype>
<dataTypeSize>100</dataTypeSize>
<ownDataTypeParameters>100,,</ownDataTypeParameters>
</Attribute>
<Attribute name="lider" id="CAA2B7C6-E249-085A-F0CE-F404CD113A09">
<createdBy>SEBASTIAN ROA</createdBy>
<createdTime>2020-04-05 23:27:35 UTC</createdTime>
<commentInRDBMS><![CDATA[nombre del investigador lider
]]></commentInRDBMS>
<ownerDesignName>investigadores_gruposv2</ownerDesignName>
<engineerTo>
<item key="135B2A31-1B60-AB7A-48E1-BD1EC76DB788" value="true"/>
</engineerTo>
<nullsAllowed>true</nullsAllowed>
<useDomainConstraints>false</useDomainConstraints>
<use>1</use>
<logicalDatatype>LOGDT024</logicalDatatype>
<dataTypeSize>100</dataTypeSize>
<ownDataTypeParameters>100,,</ownDataTypeParameters>
</Attribute>
<Attribute name="correo" id="B6550D6F-C41D-725B-77B3-4CB961BEF4C9">
<createdBy>SEBASTIAN ROA</createdBy>
<createdTime>2020-04-05 23:30:18 UTC</createdTime>
<commentInRDBMS><![CDATA[correo electronico del grupo de investigacion ]]></commentInRDBMS>
<ownerDesignName>investigadores_gruposv2</ownerDesignName>
<engineerTo>
<item key="135B2A31-1B60-AB7A-48E1-BD1EC76DB788" value="true"/>
</engineerTo>
<nullsAllowed>true</nullsAllowed>
<useDomainConstraints>false</useDomainConstraints>
<use>1</use>
<logicalDatatype>LOGDT024</logicalDatatype>
<dataTypeSize>100</dataTypeSize>
<ownDataTypeParameters>100,,</ownDataTypeParameters>
</Attribute>
</attributes>
<identifiers itemClass="oracle.dbtools.crest.model.design.logical.CandidateKey">
<identifier id="CE3A6DCB-D7E5-11D9-C4CD-091B2F817C94" name="Grupo PK">
<createdBy>SEBASTIAN ROA</createdBy>
<createdTime>2020-04-05 22:17:32 UTC</createdTime>
<ownerDesignName>investigadores_gruposv2</ownerDesignName>
<engineerTo>
<item key="135B2A31-1B60-AB7A-48E1-BD1EC76DB788" value="true"/>
</engineerTo>
<pk>true</pk>
<usedAttributes>
<attributeRef>DF012170-A962-6EA4-AC0E-0E60F5E3EBB8</attributeRef>
</usedAttributes>
</identifier>
</identifiers>
</Entity>