<?xml version = '1.0' encoding = 'UTF-8'?>
<Entity class="oracle.dbtools.crest.model.design.logical.Entity" directorySegmentName="seg_0" id="70C495EB-C4ED-E31E-A345-CC435C9A79CD" name="Produccione_semillero">
<createdBy>SEBASTIAN ROA</createdBy>
<createdTime>2020-04-06 00:05:08 UTC</createdTime>
<ownerDesignName>investigadores_gruposv2</ownerDesignName>
<engineerTo>
<item key="135B2A31-1B60-AB7A-48E1-BD1EC76DB788" value="true"/>
</engineerTo>
<adequatelyNormalized>NO</adequatelyNormalized>
<expectedVolumes>0</expectedVolumes>
<fwdEngineeringStrategyName>Single Table</fwdEngineeringStrategyName>
<growthPercent>0</growthPercent>
<growthType>Year</growthType>
<maxVolumes>9999999</maxVolumes>
<minVolumes>0</minVolumes>
<normalForm>Third</normalForm>
<attributes itemClass="oracle.dbtools.crest.model.design.logical.Attribute">
<Attribute name="cod_ProdSe" id="44C5E3F2-5E52-8F2D-B603-BDF965E56408">
<createdBy>SEBASTIAN ROA</createdBy>
<createdTime>2020-04-06 00:05:21 UTC</createdTime>
<commentInRDBMS><![CDATA[codigo de las producciones del semillero]]></commentInRDBMS>
<ownerDesignName>investigadores_gruposv2</ownerDesignName>
<engineerTo>
<item key="135B2A31-1B60-AB7A-48E1-BD1EC76DB788" value="true"/>
</engineerTo>
<nullsAllowed>true</nullsAllowed>
<useDomainConstraints>false</useDomainConstraints>
<use>1</use>
<logicalDatatype>LOGDT019</logicalDatatype>
<ownDataTypeParameters>,,</ownDataTypeParameters>
</Attribute>
<Attribute name="nombre " id="9FFEFAB6-C5BE-C30F-087D-41835B099B5E">
<createdBy>SEBASTIAN ROA</createdBy>
<createdTime>2020-04-06 00:06:14 UTC</createdTime>
<commentInRDBMS><![CDATA[nombre de la produccion del semillero]]></commentInRDBMS>
<ownerDesignName>investigadores_gruposv2</ownerDesignName>
<engineerTo>
<item key="135B2A31-1B60-AB7A-48E1-BD1EC76DB788" value="true"/>
</engineerTo>
<nullsAllowed>true</nullsAllowed>
<useDomainConstraints>false</useDomainConstraints>
<use>1</use>
<logicalDatatype>LOGDT024</logicalDatatype>
<dataTypeSize>100</dataTypeSize>
<ownDataTypeParameters>100,,</ownDataTypeParameters>
</Attribute>
<Attribute name="tipo" id="C5C31154-C591-D39A-F245-23C9FC494752">
<createdBy>SEBASTIAN ROA</createdBy>
<createdTime>2020-04-06 00:06:53 UTC</createdTime>
<commentInRDBMS><![CDATA[tipo de produccion ]]></commentInRDBMS>
<ownerDesignName>investigadores_gruposv2</ownerDesignName>
<engineerTo>
<item key="135B2A31-1B60-AB7A-48E1-BD1EC76DB788" value="true"/>
</engineerTo>
<nullsAllowed>true</nullsAllowed>
<useDomainConstraints>false</useDomainConstraints>
<use>1</use>
<logicalDatatype>LOGDT006</logicalDatatype>
<dataTypeSize>3</dataTypeSize>
<ownDataTypeParameters>3,,</ownDataTypeParameters>
</Attribute>
<Attribute name="Fecha_Presentacion" id="630B75C0-57E2-1CC8-D2CA-3013B2F9A3DD">
<createdBy>SEBASTIAN ROA</createdBy>
<createdTime>2020-04-06 00:07:30 UTC</createdTime>
<commentInRDBMS><![CDATA[Fech de la presentacion ]]></commentInRDBMS>
<ownerDesignName>investigadores_gruposv2</ownerDesignName>
<engineerTo>
<item key="135B2A31-1B60-AB7A-48E1-BD1EC76DB788" value="true"/>
</engineerTo>
<nullsAllowed>true</nullsAllowed>
<useDomainConstraints>false</useDomainConstraints>
<use>1</use>
<logicalDatatype>LOGDT007</logicalDatatype>
<ownDataTypeParameters>,,</ownDataTypeParameters>
</Attribute>
<Attribute name="Fecha_Aceptacion " id="EF1AAAC5-5364-B41E-5E17-2E128D007E14">
<createdBy>SEBASTIAN ROA</createdBy>
<createdTime>2020-04-06 00:07:39 UTC</createdTime>
<commentInRDBMS><![CDATA[Fecha de aceptacion de la produccion ]]></commentInRDBMS>
<ownerDesignName>investigadores_gruposv2</ownerDesignName>
<engineerTo>
<item key="135B2A31-1B60-AB7A-48E1-BD1EC76DB788" value="true"/>
</engineerTo>
<nullsAllowed>true</nullsAllowed>
<useDomainConstraints>false</useDomainConstraints>
<use>1</use>
<logicalDatatype>LOGDT007</logicalDatatype>
<ownDataTypeParameters>,,</ownDataTypeParameters>
</Attribute>
</attributes>
</Entity>