<?xml version = '1.0' encoding = 'UTF-8'?>
<Entity class="oracle.dbtools.crest.model.design.logical.Entity" directorySegmentName="seg_0" id="791F07B4-8CBE-9449-2AEB-37E30E379F77" name="Actividades">
<createdBy>SEBASTIAN ROA</createdBy>
<createdTime>2020-04-05 23:00:42 UTC</createdTime>
<ownerDesignName>investigadores_gruposv2</ownerDesignName>
<engineerTo>
<item key="135B2A31-1B60-AB7A-48E1-BD1EC76DB788" value="true"/>
</engineerTo>
<adequatelyNormalized>NO</adequatelyNormalized>
<expectedVolumes>0</expectedVolumes>
<fwdEngineeringStrategyName>Single Table</fwdEngineeringStrategyName>
<growthPercent>0</growthPercent>
<growthType>Year</growthType>
<maxVolumes>9999999</maxVolumes>
<minVolumes>0</minVolumes>
<normalForm>Third</normalForm>
<attributes itemClass="oracle.dbtools.crest.model.design.logical.Attribute">
<Attribute name="cod_actividad" id="2437E761-AD04-90DE-8B07-32C114D14FCA">
<createdBy>SEBASTIAN ROA</createdBy>
<createdTime>2020-04-05 23:00:49 UTC</createdTime>
<commentInRDBMS><![CDATA[codigo de la actividad ]]></commentInRDBMS>
<ownerDesignName>investigadores_gruposv2</ownerDesignName>
<engineerTo>
<item key="135B2A31-1B60-AB7A-48E1-BD1EC76DB788" value="true"/>
</engineerTo>
<useDomainConstraints>false</useDomainConstraints>
<use>1</use>
<logicalDatatype>LOGDT019</logicalDatatype>
<ownDataTypeParameters>,,</ownDataTypeParameters>
</Attribute>
<Attribute name="teipo_trabajo" id="ECE3B112-A984-5676-F370-AA401BD4B91C">
<createdBy>SEBASTIAN ROA</createdBy>
<createdTime>2020-04-05 23:01:35 UTC</createdTime>
<commentInRDBMS><![CDATA[tipo de actividad realizada(Formacion, evaluacion)
]]></commentInRDBMS>
<ownerDesignName>investigadores_gruposv2</ownerDesignName>
<engineerTo>
<item key="135B2A31-1B60-AB7A-48E1-BD1EC76DB788" value="true"/>
</engineerTo>
<nullsAllowed>true</nullsAllowed>
<useDomainConstraints>false</useDomainConstraints>
<use>1</use>
<logicalDatatype>LOGDT006</logicalDatatype>
<dataTypeSize>2</dataTypeSize>
<ownDataTypeParameters>2,,</ownDataTypeParameters>
</Attribute>
<Attribute name="jurado" id="16596E17-7F2E-E7AC-ECDA-C39CD60E582C">
<createdBy>SEBASTIAN ROA</createdBy>
<createdTime>2020-04-05 23:07:48 UTC</createdTime>
<commentInRDBMS><![CDATA[indica si fue jurado en el trabajo (Si,No)]]></commentInRDBMS>
<ownerDesignName>investigadores_gruposv2</ownerDesignName>
<engineerTo>
<item key="135B2A31-1B60-AB7A-48E1-BD1EC76DB788" value="true"/>
</engineerTo>
<nullsAllowed>true</nullsAllowed>
<useDomainConstraints>false</useDomainConstraints>
<use>1</use>
<logicalDatatype>LOGDT006</logicalDatatype>
<dataTypeSize>2</dataTypeSize>
<ownDataTypeParameters>2,,</ownDataTypeParameters>
</Attribute>
<Attribute name="Fecha_inicio" id="1DFE0208-70BC-9FB0-F095-1E26E06E0497">
<createdBy>SEBASTIAN ROA</createdBy>
<createdTime>2020-04-05 23:08:32 UTC</createdTime>
<commentInRDBMS><![CDATA[fecha de inicio de la actividad]]></commentInRDBMS>
<ownerDesignName>investigadores_gruposv2</ownerDesignName>
<engineerTo>
<item key="135B2A31-1B60-AB7A-48E1-BD1EC76DB788" value="true"/>
</engineerTo>
<nullsAllowed>true</nullsAllowed>
<useDomainConstraints>false</useDomainConstraints>
<use>1</use>
<logicalDatatype>LOGDT007</logicalDatatype>
<ownDataTypeParameters>,,</ownDataTypeParameters>
</Attribute>
<Attribute name="Fecha_terminacion" id="6DB2E9B1-B0F6-BD00-42D1-262EA996C7D4">
<createdBy>SEBASTIAN ROA</createdBy>
<createdTime>2020-04-05 23:09:02 UTC</createdTime>
<commentInRDBMS><![CDATA[Fecha de terminacion de la actividad]]></commentInRDBMS>
<ownerDesignName>investigadores_gruposv2</ownerDesignName>
<engineerTo>
<item key="135B2A31-1B60-AB7A-48E1-BD1EC76DB788" value="true"/>
</engineerTo>
<nullsAllowed>true</nullsAllowed>
<useDomainConstraints>false</useDomainConstraints>
<use>1</use>
<logicalDatatype>LOGDT007</logicalDatatype>
<ownDataTypeParameters>,,</ownDataTypeParameters>
</Attribute>
<Attribute name="Fecha_sustentacion " id="56AC3B1D-B8BA-167B-07B6-281278F0335C">
<createdBy>SEBASTIAN ROA</createdBy>
<createdTime>2020-04-05 23:09:33 UTC</createdTime>
<commentInRDBMS><![CDATA[fecha de sustentacion del trabajo ]]></commentInRDBMS>
<ownerDesignName>investigadores_gruposv2</ownerDesignName>
<engineerTo>
<item key="135B2A31-1B60-AB7A-48E1-BD1EC76DB788" value="true"/>
</engineerTo>
<nullsAllowed>true</nullsAllowed>
<useDomainConstraints>false</useDomainConstraints>
<use>1</use>
<logicalDatatype>LOGDT007</logicalDatatype>
<ownDataTypeParameters>,,</ownDataTypeParameters>
</Attribute>
<Attribute name="cod_id" id="A1D9E61A-E0D9-7FDE-B567-04EF28C7FAB5">
<createdBy>SEBASTIAN ROA</createdBy>
<createdTime>2020-04-05 23:11:42 UTC</createdTime>
<generatorID>972B4BD0-FD15-D38E-B035-D37B6CA4DCBC</generatorID>
<ownerDesignName>investigadores_gruposv2</ownerDesignName>
<engineerTo>
<item key="135B2A31-1B60-AB7A-48E1-BD1EC76DB788" value="true"/>
</engineerTo>
<referedAttribute>86C07E09-691E-0F42-2038-21EF2AEB0AE1</referedAttribute>
<useDomainConstraints>false</useDomainConstraints>
<use>1</use>
<logicalDatatype>LOGDT019</logicalDatatype>
<ownDataTypeParameters>,,</ownDataTypeParameters>
</Attribute>
</attributes>
<identifiers itemClass="oracle.dbtools.crest.model.design.logical.CandidateKey">
<identifier id="9E12212E-BACB-DE23-40AF-A9584D4069CC" name="Actividades PK">
<createdBy>SEBASTIAN ROA</createdBy>
<createdTime>2020-04-05 23:00:59 UTC</createdTime>
<ownerDesignName>investigadores_gruposv2</ownerDesignName>
<engineerTo>
<item key="135B2A31-1B60-AB7A-48E1-BD1EC76DB788" value="true"/>
</engineerTo>
<pk>true</pk>
<usedAttributes>
<attributeRef>2437E761-AD04-90DE-8B07-32C114D14FCA</attributeRef>
</usedAttributes>
</identifier>
</identifiers>
</Entity>