<?xml version = '1.0' encoding = 'UTF-8'?>
<Entity class="oracle.dbtools.crest.model.design.logical.Entity" directorySegmentName="seg_0" id="7A46C5C5-410F-0E82-F554-3EFAEE30434C" name="trabajos">
<createdBy>SEBASTIAN ROA</createdBy>
<createdTime>2020-04-05 23:04:57 UTC</createdTime>
<ownerDesignName>investigadores_gruposv2</ownerDesignName>
<engineerTo>
<item key="135B2A31-1B60-AB7A-48E1-BD1EC76DB788" value="true"/>
</engineerTo>
<adequatelyNormalized>NO</adequatelyNormalized>
<expectedVolumes>0</expectedVolumes>
<fwdEngineeringStrategyName>Single Table</fwdEngineeringStrategyName>
<growthPercent>0</growthPercent>
<growthType>Year</growthType>
<maxVolumes>9999999</maxVolumes>
<minVolumes>0</minVolumes>
<normalForm>Third</normalForm>
<attributes itemClass="oracle.dbtools.crest.model.design.logical.Attribute">
<Attribute name="cod_trabajo" id="64422731-9266-53B2-A1FB-9E4CA79863AE">
<createdBy>SEBASTIAN ROA</createdBy>
<createdTime>2020-04-05 23:05:03 UTC</createdTime>
<commentInRDBMS><![CDATA[codigo de identificacion del trabajo]]></commentInRDBMS>
<ownerDesignName>investigadores_gruposv2</ownerDesignName>
<engineerTo>
<item key="135B2A31-1B60-AB7A-48E1-BD1EC76DB788" value="true"/>
</engineerTo>
<useDomainConstraints>false</useDomainConstraints>
<use>1</use>
<logicalDatatype>LOGDT019</logicalDatatype>
<ownDataTypeParameters>,,</ownDataTypeParameters>
</Attribute>
<Attribute name="nom_trabajo" id="79DA42A5-8866-A428-7BBC-7211E5158267">
<createdBy>SEBASTIAN ROA</createdBy>
<createdTime>2020-04-05 23:05:19 UTC</createdTime>
<commentInRDBMS><![CDATA[nombre del trabajo realizado]]></commentInRDBMS>
<ownerDesignName>investigadores_gruposv2</ownerDesignName>
<engineerTo>
<item key="135B2A31-1B60-AB7A-48E1-BD1EC76DB788" value="true"/>
</engineerTo>
<nullsAllowed>true</nullsAllowed>
<useDomainConstraints>false</useDomainConstraints>
<use>1</use>
<logicalDatatype>LOGDT024</logicalDatatype>
<dataTypeSize>100</dataTypeSize>
<ownDataTypeParameters>100,,</ownDataTypeParameters>
</Attribute>
<Attribute name="cod_actividad" id="8BF454BD-DD31-8E9F-2A55-9A1E52A2F164">
<createdBy>SEBASTIAN ROA</createdBy>
<createdTime>2020-04-05 23:12:02 UTC</createdTime>
<generatorID>FF23A3B2-E20D-EEF0-6C05-D67880DB4DA6</generatorID>
<ownerDesignName>investigadores_gruposv2</ownerDesignName>
<engineerTo>
<item key="135B2A31-1B60-AB7A-48E1-BD1EC76DB788" value="true"/>
</engineerTo>
<referedAttribute>2437E761-AD04-90DE-8B07-32C114D14FCA</referedAttribute>
<useDomainConstraints>false</useDomainConstraints>
<use>1</use>
<logicalDatatype>LOGDT019</logicalDatatype>
<ownDataTypeParameters>,,</ownDataTypeParameters>
</Attribute>
<Attribute name="cod_producciones " id="CC4861A0-D2C2-C78E-9D6C-120BD5A0715E">
<createdBy>SEBASTIAN ROA</createdBy>
<createdTime>2020-04-05 23:15:31 UTC</createdTime>
<generatorID>66096C6E-09D1-2926-F6B0-214F19EFF23E</generatorID>
<ownerDesignName>investigadores_gruposv2</ownerDesignName>
<engineerTo>
<item key="135B2A31-1B60-AB7A-48E1-BD1EC76DB788" value="true"/>
</engineerTo>
<referedAttribute>0F77CF8F-AEBD-9DC0-316C-1DE05E068BFD</referedAttribute>
<useDomainConstraints>false</useDomainConstraints>
<use>1</use>
<logicalDatatype>LOGDT019</logicalDatatype>
<ownDataTypeParameters>,,</ownDataTypeParameters>
</Attribute>
<Attribute name="numero de paginas" id="C0B73B0A-36BB-D4F3-82C0-BDADDEDCEA11">
<createdBy>SEBASTIAN ROA</createdBy>
<createdTime>2020-04-05 23:16:52 UTC</createdTime>
<commentInRDBMS><![CDATA[numero de paginas del trabajo
]]></commentInRDBMS>
<ownerDesignName>investigadores_gruposv2</ownerDesignName>
<engineerTo>
<item key="135B2A31-1B60-AB7A-48E1-BD1EC76DB788" value="true"/>
</engineerTo>
<nullsAllowed>true</nullsAllowed>
<useDomainConstraints>false</useDomainConstraints>
<use>1</use>
<logicalDatatype>LOGDT019</logicalDatatype>
<ownDataTypeParameters>,,</ownDataTypeParameters>
</Attribute>
<Attribute name="resumen" id="1173F012-E6F2-EC1D-66AA-83F3AFDC5412">
<createdBy>SEBASTIAN ROA</createdBy>
<createdTime>2020-04-05 23:20:53 UTC</createdTime>
<commentInRDBMS><![CDATA[resumen del trabajo

]]></commentInRDBMS>
<ownerDesignName>investigadores_gruposv2</ownerDesignName>
<engineerTo>
<item key="135B2A31-1B60-AB7A-48E1-BD1EC76DB788" value="true"/>
</engineerTo>
<nullsAllowed>true</nullsAllowed>
<useDomainConstraints>false</useDomainConstraints>
<use>1</use>
<logicalDatatype>LOGDT024</logicalDatatype>
<dataTypeSize>1000</dataTypeSize>
<ownDataTypeParameters>1000,,</ownDataTypeParameters>
</Attribute>
</attributes>
<identifiers itemClass="oracle.dbtools.crest.model.design.logical.CandidateKey">
<identifier id="7F9C88E1-7EF3-BFA6-B2AC-2B9F89FB11B9" name="trabajos PK">
<createdBy>SEBASTIAN ROA</createdBy>
<createdTime>2020-04-05 23:05:21 UTC</createdTime>
<ownerDesignName>investigadores_gruposv2</ownerDesignName>
<engineerTo>
<item key="135B2A31-1B60-AB7A-48E1-BD1EC76DB788" value="true"/>
</engineerTo>
<pk>true</pk>
<usedAttributes>
<attributeRef>64422731-9266-53B2-A1FB-9E4CA79863AE</attributeRef>
</usedAttributes>
</identifier>
</identifiers>
</Entity>