<?xml version = '1.0' encoding = 'UTF-8'?>
<Entity class="oracle.dbtools.crest.model.design.logical.Entity" directorySegmentName="seg_0" id="8C9B0B70-A971-F929-71EE-0E5F0FD6CB8C" name="Historial_academico">
<createdBy>SEBASTIAN ROA</createdBy>
<createdTime>2020-04-05 22:21:34 UTC</createdTime>
<ownerDesignName>investigadores_gruposv2</ownerDesignName>
<engineerTo>
<item key="135B2A31-1B60-AB7A-48E1-BD1EC76DB788" value="true"/>
</engineerTo>
<adequatelyNormalized>NO</adequatelyNormalized>
<expectedVolumes>0</expectedVolumes>
<fwdEngineeringStrategyName>Single Table</fwdEngineeringStrategyName>
<growthPercent>0</growthPercent>
<growthType>Year</growthType>
<maxVolumes>9999999</maxVolumes>
<minVolumes>0</minVolumes>
<normalForm>Third</normalForm>
<attributes itemClass="oracle.dbtools.crest.model.design.logical.Attribute">
<Attribute name="cod_historia" id="433B2DC1-0530-A157-99A2-3C06AF82D89C">
<createdBy>SEBASTIAN ROA</createdBy>
<createdTime>2020-04-05 22:21:52 UTC</createdTime>
<commentInRDBMS><![CDATA[codigo del historial academico del investigador]]></commentInRDBMS>
<ownerDesignName>investigadores_gruposv2</ownerDesignName>
<engineerTo>
<item key="135B2A31-1B60-AB7A-48E1-BD1EC76DB788" value="true"/>
</engineerTo>
<useDomainConstraints>false</useDomainConstraints>
<use>1</use>
<logicalDatatype>LOGDT019</logicalDatatype>
<ownDataTypeParameters>,,</ownDataTypeParameters>
</Attribute>
<Attribute name="cod_programa" id="F94FBEC7-0A8A-0C23-2999-B2E37D1ED4B8">
<createdBy>SEBASTIAN ROA</createdBy>
<createdTime>2020-04-05 22:31:54 UTC</createdTime>
<generatorID>B6D4A7D4-6C42-ACF2-0ACA-2648C054D8C6</generatorID>
<ownerDesignName>investigadores_gruposv2</ownerDesignName>
<engineerTo>
<item key="135B2A31-1B60-AB7A-48E1-BD1EC76DB788" value="true"/>
</engineerTo>
<referedAttribute>23029518-DF9F-704A-50F6-FA6BBAB911C1</referedAttribute>
<useDomainConstraints>false</useDomainConstraints>
<use>1</use>
<logicalDatatype>LOGDT019</logicalDatatype>
<ownDataTypeParameters>,,</ownDataTypeParameters>
</Attribute>
<Attribute name="cod_institucion" id="21140DD1-F30E-13CF-5661-480845744340">
<createdBy>SEBASTIAN ROA</createdBy>
<createdTime>2020-04-05 22:32:12 UTC</createdTime>
<generatorID>C80A6B73-944D-E846-E526-59CF1CFAA490</generatorID>
<ownerDesignName>investigadores_gruposv2</ownerDesignName>
<engineerTo>
<item key="135B2A31-1B60-AB7A-48E1-BD1EC76DB788" value="true"/>
</engineerTo>
<referedAttribute>9B7F2F57-D702-9EFF-DD98-C0039C01BBCF</referedAttribute>
<useDomainConstraints>false</useDomainConstraints>
<use>1</use>
<logicalDatatype>LOGDT019</logicalDatatype>
<ownDataTypeParameters>,,</ownDataTypeParameters>
</Attribute>
<Attribute name="Fecha_Inicio" id="5CF1FF14-0223-60E4-ADDD-E6E5A5EDC247">
<createdBy>SEBASTIAN ROA</createdBy>
<createdTime>2020-04-05 22:32:33 UTC</createdTime>
<commentInRDBMS><![CDATA[Fecha de inicio del programa academico]]></commentInRDBMS>
<ownerDesignName>investigadores_gruposv2</ownerDesignName>
<engineerTo>
<item key="135B2A31-1B60-AB7A-48E1-BD1EC76DB788" value="true"/>
</engineerTo>
<nullsAllowed>true</nullsAllowed>
<useDomainConstraints>false</useDomainConstraints>
<use>1</use>
<logicalDatatype>LOGDT007</logicalDatatype>
<ownDataTypeParameters>,,</ownDataTypeParameters>
</Attribute>
<Attribute name="Fecha_terminacion" id="50E3AA17-8B45-6013-88A5-498EB97E06F5">
<createdBy>SEBASTIAN ROA</createdBy>
<createdTime>2020-04-05 22:32:56 UTC</createdTime>
<commentInRDBMS><![CDATA[Fecha en la que se culmino el programa academico]]></commentInRDBMS>
<ownerDesignName>investigadores_gruposv2</ownerDesignName>
<engineerTo>
<item key="135B2A31-1B60-AB7A-48E1-BD1EC76DB788" value="true"/>
</engineerTo>
<nullsAllowed>true</nullsAllowed>
<useDomainConstraints>false</useDomainConstraints>
<use>1</use>
<logicalDatatype>LOGDT007</logicalDatatype>
<ownDataTypeParameters>,,</ownDataTypeParameters>
</Attribute>
<Attribute name="promedio" id="573B520B-8D3F-9171-9D88-D5A76713C9BB">
<createdBy>SEBASTIAN ROA</createdBy>
<createdTime>2020-04-05 22:33:34 UTC</createdTime>
<commentInRDBMS><![CDATA[promedio academico del programa cursado
]]></commentInRDBMS>
<ownerDesignName>investigadores_gruposv2</ownerDesignName>
<engineerTo>
<item key="135B2A31-1B60-AB7A-48E1-BD1EC76DB788" value="true"/>
</engineerTo>
<nullsAllowed>true</nullsAllowed>
<useDomainConstraints>false</useDomainConstraints>
<use>1</use>
<logicalDatatype>LOGDT019</logicalDatatype>
<ownDataTypeParameters>,,</ownDataTypeParameters>
</Attribute>
<Attribute name="nom_tesis" id="514B40A9-8BA0-2EFE-97A5-B0DB7D6EEF97">
<createdBy>SEBASTIAN ROA</createdBy>
<createdTime>2020-04-05 22:35:22 UTC</createdTime>
<commentInRDBMS><![CDATA[nombre de la tesis del doctorado
]]></commentInRDBMS>
<ownerDesignName>investigadores_gruposv2</ownerDesignName>
<engineerTo>
<item key="135B2A31-1B60-AB7A-48E1-BD1EC76DB788" value="true"/>
</engineerTo>
<nullsAllowed>true</nullsAllowed>
<useDomainConstraints>false</useDomainConstraints>
<use>1</use>
<logicalDatatype>LOGDT024</logicalDatatype>
<dataTypeSize>100</dataTypeSize>
<ownDataTypeParameters>100,,</ownDataTypeParameters>
</Attribute>
</attributes>
<identifiers itemClass="oracle.dbtools.crest.model.design.logical.CandidateKey">
<identifier id="DC2BBB10-2F4F-25D1-E501-49D2B1CF1D61" name="Historial_academico PK">
<createdBy>SEBASTIAN ROA</createdBy>
<createdTime>2020-04-05 22:22:18 UTC</createdTime>
<ownerDesignName>investigadores_gruposv2</ownerDesignName>
<engineerTo>
<item key="135B2A31-1B60-AB7A-48E1-BD1EC76DB788" value="true"/>
</engineerTo>
<pk>true</pk>
<usedAttributes>
<attributeRef>433B2DC1-0530-A157-99A2-3C06AF82D89C</attributeRef>
</usedAttributes>
</identifier>
</identifiers>
</Entity>