<?xml version = '1.0' encoding = 'UTF-8'?>
<Entity class="oracle.dbtools.crest.model.design.logical.Entity" directorySegmentName="seg_0" id="8DB23EBB-C6C9-B4DF-CFEE-4679A2D66EF2" name="Asignatura_impartidas">
<createdBy>SEBASTIAN ROA</createdBy>
<createdTime>2020-04-05 22:52:20 UTC</createdTime>
<ownerDesignName>investigadores_gruposv2</ownerDesignName>
<engineerTo>
<item key="135B2A31-1B60-AB7A-48E1-BD1EC76DB788" value="true"/>
</engineerTo>
<adequatelyNormalized>NO</adequatelyNormalized>
<expectedVolumes>0</expectedVolumes>
<fwdEngineeringStrategyName>Single Table</fwdEngineeringStrategyName>
<growthPercent>0</growthPercent>
<growthType>Year</growthType>
<maxVolumes>9999999</maxVolumes>
<minVolumes>0</minVolumes>
<normalForm>Third</normalForm>
<attributes itemClass="oracle.dbtools.crest.model.design.logical.Attribute">
<Attribute name="cod_asignatura" id="632763B4-AB39-7044-5CBB-BD5D201EC8F6">
<createdBy>SEBASTIAN ROA</createdBy>
<createdTime>2020-04-05 22:52:31 UTC</createdTime>
<commentInRDBMS><![CDATA[codigo de la asignatura impartida ]]></commentInRDBMS>
<ownerDesignName>investigadores_gruposv2</ownerDesignName>
<engineerTo>
<item key="135B2A31-1B60-AB7A-48E1-BD1EC76DB788" value="true"/>
</engineerTo>
<useDomainConstraints>false</useDomainConstraints>
<use>1</use>
<logicalDatatype>LOGDT019</logicalDatatype>
<ownDataTypeParameters>,,</ownDataTypeParameters>
</Attribute>
<Attribute name="nombre" id="7E39F451-BAE5-13B5-842B-374CE5BE80FA">
<createdBy>SEBASTIAN ROA</createdBy>
<createdTime>2020-04-05 22:52:53 UTC</createdTime>
<commentInRDBMS><![CDATA[nombre de la asignatura impartida ]]></commentInRDBMS>
<ownerDesignName>investigadores_gruposv2</ownerDesignName>
<engineerTo>
<item key="135B2A31-1B60-AB7A-48E1-BD1EC76DB788" value="true"/>
</engineerTo>
<nullsAllowed>true</nullsAllowed>
<useDomainConstraints>false</useDomainConstraints>
<use>1</use>
<logicalDatatype>LOGDT024</logicalDatatype>
<ownDataTypeParameters>,,</ownDataTypeParameters>
</Attribute>
<Attribute name="num_horas " id="9B831DE7-0476-ACF9-5553-D4B3E80D8144">
<createdBy>SEBASTIAN ROA</createdBy>
<createdTime>2020-04-05 22:53:24 UTC</createdTime>
<commentInRDBMS><![CDATA[numero de horas impartidas]]></commentInRDBMS>
<ownerDesignName>investigadores_gruposv2</ownerDesignName>
<engineerTo>
<item key="135B2A31-1B60-AB7A-48E1-BD1EC76DB788" value="true"/>
</engineerTo>
<nullsAllowed>true</nullsAllowed>
<useDomainConstraints>false</useDomainConstraints>
<use>1</use>
<logicalDatatype>LOGDT019</logicalDatatype>
<ownDataTypeParameters>,,</ownDataTypeParameters>
</Attribute>
<Attribute name="cod_programa" id="6456481B-2798-C40A-6172-A4FCD0831AE0">
<createdBy>SEBASTIAN ROA</createdBy>
<createdTime>2020-04-05 22:54:14 UTC</createdTime>
<generatorID>E7183EC1-16D9-7947-A824-DCC6277B7B91</generatorID>
<ownerDesignName>investigadores_gruposv2</ownerDesignName>
<engineerTo>
<item key="135B2A31-1B60-AB7A-48E1-BD1EC76DB788" value="true"/>
</engineerTo>
<referedAttribute>23029518-DF9F-704A-50F6-FA6BBAB911C1</referedAttribute>
<useDomainConstraints>false</useDomainConstraints>
<use>1</use>
<logicalDatatype>LOGDT019</logicalDatatype>
<ownDataTypeParameters>,,</ownDataTypeParameters>
</Attribute>
<Attribute name="cod_histolab" id="A88916D9-7C26-B830-A637-BFB0881EC4A2">
<createdBy>SEBASTIAN ROA</createdBy>
<createdTime>2020-04-05 22:54:38 UTC</createdTime>
<generatorID>4F642D92-BCF3-72B5-3285-1BBD9323E8D9</generatorID>
<ownerDesignName>investigadores_gruposv2</ownerDesignName>
<engineerTo>
<item key="135B2A31-1B60-AB7A-48E1-BD1EC76DB788" value="true"/>
</engineerTo>
<referedAttribute>DF832262-AC36-1711-5924-3EDD6B4E20A6</referedAttribute>
<useDomainConstraints>false</useDomainConstraints>
<use>1</use>
<logicalDatatype>LOGDT019</logicalDatatype>
<ownDataTypeParameters>,,</ownDataTypeParameters>
</Attribute>
</attributes>
<identifiers itemClass="oracle.dbtools.crest.model.design.logical.CandidateKey">
<identifier id="191754F4-2833-1C63-3453-7C764D2940FB" name="Asignatura_impartidas PK">
<createdBy>SEBASTIAN ROA</createdBy>
<createdTime>2020-04-05 22:52:42 UTC</createdTime>
<ownerDesignName>investigadores_gruposv2</ownerDesignName>
<engineerTo>
<item key="135B2A31-1B60-AB7A-48E1-BD1EC76DB788" value="true"/>
</engineerTo>
<pk>true</pk>
<usedAttributes>
<attributeRef>632763B4-AB39-7044-5CBB-BD5D201EC8F6</attributeRef>
</usedAttributes>
</identifier>
</identifiers>
</Entity>