<?xml version = '1.0' encoding = 'UTF-8'?>
<Entity class="oracle.dbtools.crest.model.design.logical.Entity" directorySegmentName="seg_0" id="9A9FDAF4-20E9-6062-4328-5E4206919C30" name="Identificacion">
<createdBy>SEBASTIAN ROA</createdBy>
<createdTime>2020-04-05 21:44:27 UTC</createdTime>
<ownerDesignName>investigadores_gruposv2</ownerDesignName>
<engineerTo>
<item key="135B2A31-1B60-AB7A-48E1-BD1EC76DB788" value="true"/>
</engineerTo>
<adequatelyNormalized>NO</adequatelyNormalized>
<expectedVolumes>0</expectedVolumes>
<fwdEngineeringStrategyName>Single Table</fwdEngineeringStrategyName>
<growthPercent>0</growthPercent>
<growthType>Year</growthType>
<maxVolumes>9999999</maxVolumes>
<minVolumes>0</minVolumes>
<normalForm>Third</normalForm>
<attributes itemClass="oracle.dbtools.crest.model.design.logical.Attribute">
<Attribute name="cod_id" id="86C07E09-691E-0F42-2038-21EF2AEB0AE1">
<createdBy>SEBASTIAN ROA</createdBy>
<createdTime>2020-04-05 21:48:42 UTC</createdTime>
<commentInRDBMS><![CDATA[codigo con el que se identifica el investigador]]></commentInRDBMS>
<ownerDesignName>investigadores_gruposv2</ownerDesignName>
<engineerTo>
<item key="135B2A31-1B60-AB7A-48E1-BD1EC76DB788" value="true"/>
</engineerTo>
<useDomainConstraints>false</useDomainConstraints>
<use>1</use>
<logicalDatatype>LOGDT019</logicalDatatype>
<ownDataTypeParameters>,,</ownDataTypeParameters>
</Attribute>
<Attribute name="Nombre" id="DCF3CC2A-37F9-6EDD-5E12-0E4B952F563B">
<createdBy>SEBASTIAN ROA</createdBy>
<createdTime>2020-04-05 22:01:59 UTC</createdTime>
<commentInRDBMS><![CDATA[Nombre del investigador
]]></commentInRDBMS>
<ownerDesignName>investigadores_gruposv2</ownerDesignName>
<engineerTo>
<item key="135B2A31-1B60-AB7A-48E1-BD1EC76DB788" value="true"/>
</engineerTo>
<nullsAllowed>true</nullsAllowed>
<useDomainConstraints>false</useDomainConstraints>
<use>1</use>
<logicalDatatype>LOGDT024</logicalDatatype>
<dataTypeSize>100</dataTypeSize>
<ownDataTypeParameters>100,,</ownDataTypeParameters>
</Attribute>
<Attribute name="Primer_apellido" id="3544EA56-E443-9A69-950C-3F55AA96BFA5">
<createdBy>SEBASTIAN ROA</createdBy>
<createdTime>2020-04-05 22:02:23 UTC</createdTime>
<commentInRDBMS><![CDATA[Primer apellido del investigador]]></commentInRDBMS>
<ownerDesignName>investigadores_gruposv2</ownerDesignName>
<engineerTo>
<item key="135B2A31-1B60-AB7A-48E1-BD1EC76DB788" value="true"/>
</engineerTo>
<nullsAllowed>true</nullsAllowed>
<useDomainConstraints>false</useDomainConstraints>
<use>1</use>
<logicalDatatype>LOGDT024</logicalDatatype>
<dataTypeSize>100</dataTypeSize>
<ownDataTypeParameters>100,,</ownDataTypeParameters>
</Attribute>
<Attribute name="Segundo_apellido" id="FECBC913-B515-E721-C5C1-D1E1AAE1FD7A">
<createdBy>SEBASTIAN ROA</createdBy>
<createdTime>2020-04-05 22:02:51 UTC</createdTime>
<commentInRDBMS><![CDATA[Segundo apellido del investigador]]></commentInRDBMS>
<ownerDesignName>investigadores_gruposv2</ownerDesignName>
<engineerTo>
<item key="135B2A31-1B60-AB7A-48E1-BD1EC76DB788" value="true"/>
</engineerTo>
<nullsAllowed>true</nullsAllowed>
<useDomainConstraints>false</useDomainConstraints>
<use>1</use>
<logicalDatatype>LOGDT024</logicalDatatype>
<dataTypeSize>100</dataTypeSize>
<ownDataTypeParameters>100,,</ownDataTypeParameters>
</Attribute>
<Attribute name="Genero" id="44B1C9CA-E9C0-3065-1C1A-DEDA3C00A03C">
<createdBy>SEBASTIAN ROA</createdBy>
<createdTime>2020-04-05 22:03:15 UTC</createdTime>
<commentInRDBMS><![CDATA[Genero del investigador (Hombre o Mujer)]]></commentInRDBMS>
<ownerDesignName>investigadores_gruposv2</ownerDesignName>
<engineerTo>
<item key="135B2A31-1B60-AB7A-48E1-BD1EC76DB788" value="true"/>
</engineerTo>
<nullsAllowed>true</nullsAllowed>
<useDomainConstraints>false</useDomainConstraints>
<use>1</use>
<logicalDatatype>LOGDT006</logicalDatatype>
<dataTypeSize>2</dataTypeSize>
<ownDataTypeParameters>2,,</ownDataTypeParameters>
</Attribute>
<Attribute name="Fecha_Nacimiento" id="A7CAB63F-219C-7F08-49F9-B3C1711E13BD">
<createdBy>SEBASTIAN ROA</createdBy>
<createdTime>2020-04-05 22:04:01 UTC</createdTime>
<commentInRDBMS><![CDATA[Fecha de nacimiento dle investigador]]></commentInRDBMS>
<ownerDesignName>investigadores_gruposv2</ownerDesignName>
<engineerTo>
<item key="135B2A31-1B60-AB7A-48E1-BD1EC76DB788" value="true"/>
</engineerTo>
<nullsAllowed>true</nullsAllowed>
<useDomainConstraints>false</useDomainConstraints>
<use>1</use>
<logicalDatatype>LOGDT007</logicalDatatype>
<ownDataTypeParameters>,,</ownDataTypeParameters>
</Attribute>
<Attribute name="Fecha_inscripcion" id="4CFAD2B1-B770-7C2D-6A40-33A90980C32E">
<createdBy>SEBASTIAN ROA</createdBy>
<createdTime>2020-04-05 22:04:33 UTC</createdTime>
<commentInRDBMS><![CDATA[Fecha de inscripcion del investigador]]></commentInRDBMS>
<ownerDesignName>investigadores_gruposv2</ownerDesignName>
<engineerTo>
<item key="135B2A31-1B60-AB7A-48E1-BD1EC76DB788" value="true"/>
</engineerTo>
<nullsAllowed>true</nullsAllowed>
<useDomainConstraints>false</useDomainConstraints>
<use>1</use>
<logicalDatatype>LOGDT007</logicalDatatype>
<ownDataTypeParameters>,,</ownDataTypeParameters>
</Attribute>
<Attribute name="edad" id="68DFEED5-A5CF-8EC8-9527-86E750EE6843">
<createdBy>SEBASTIAN ROA</createdBy>
<createdTime>2020-04-05 22:05:06 UTC</createdTime>
<commentInRDBMS><![CDATA[Edad del investigador ]]></commentInRDBMS>
<ownerDesignName>investigadores_gruposv2</ownerDesignName>
<engineerTo>
<item key="135B2A31-1B60-AB7A-48E1-BD1EC76DB788" value="true"/>
</engineerTo>
<nullsAllowed>true</nullsAllowed>
<useDomainConstraints>false</useDomainConstraints>
<use>1</use>
<logicalDatatype>LOGDT019</logicalDatatype>
<ownDataTypeParameters>,,</ownDataTypeParameters>
</Attribute>
<Attribute name="web" id="8A51C30C-3368-BAC3-DA11-4B1653E5CAA1">
<createdBy>SEBASTIAN ROA</createdBy>
<createdTime>2020-04-05 22:05:21 UTC</createdTime>
<commentInRDBMS><![CDATA[pagina Web del investigador ]]></commentInRDBMS>
<ownerDesignName>investigadores_gruposv2</ownerDesignName>
<engineerTo>
<item key="135B2A31-1B60-AB7A-48E1-BD1EC76DB788" value="true"/>
</engineerTo>
<nullsAllowed>true</nullsAllowed>
<useDomainConstraints>false</useDomainConstraints>
<use>1</use>
<logicalDatatype>LOGDT024</logicalDatatype>
<dataTypeSize>100</dataTypeSize>
<ownDataTypeParameters>100,,</ownDataTypeParameters>
</Attribute>
</attributes>
<identifiers itemClass="oracle.dbtools.crest.model.design.logical.CandidateKey">
<identifier id="92DDE341-3A11-7AEF-D698-DAB47FBD2C2F" name="Identificacion PK">
<createdBy>SEBASTIAN ROA</createdBy>
<createdTime>2020-04-05 21:48:56 UTC</createdTime>
<ownerDesignName>investigadores_gruposv2</ownerDesignName>
<engineerTo>
<item key="135B2A31-1B60-AB7A-48E1-BD1EC76DB788" value="true"/>
</engineerTo>
<pk>true</pk>
<usedAttributes>
<attributeRef>86C07E09-691E-0F42-2038-21EF2AEB0AE1</attributeRef>
</usedAttributes>
</identifier>
</identifiers>
</Entity>