<?xml version = '1.0' encoding = 'UTF-8'?>
<Entity class="oracle.dbtools.crest.model.design.logical.Entity" directorySegmentName="seg_0" id="9C74F473-54F3-479E-7A5B-6FF3DA04B8DC" name="Jurado">
<createdBy>SEBASTIAN ROA</createdBy>
<createdTime>2020-04-05 22:35:59 UTC</createdTime>
<ownerDesignName>investigadores_gruposv2</ownerDesignName>
<engineerTo>
<item key="135B2A31-1B60-AB7A-48E1-BD1EC76DB788" value="true"/>
</engineerTo>
<adequatelyNormalized>NO</adequatelyNormalized>
<expectedVolumes>0</expectedVolumes>
<fwdEngineeringStrategyName>Single Table</fwdEngineeringStrategyName>
<growthPercent>0</growthPercent>
<growthType>Year</growthType>
<maxVolumes>9999999</maxVolumes>
<minVolumes>0</minVolumes>
<normalForm>Third</normalForm>
<attributes itemClass="oracle.dbtools.crest.model.design.logical.Attribute">
<Attribute name="cod_jurado" id="20FE0DAC-3093-D8C8-B66D-3F24DAD2B148">
<createdBy>SEBASTIAN ROA</createdBy>
<createdTime>2020-04-05 22:36:15 UTC</createdTime>
<commentInRDBMS><![CDATA[codigo con el que se identifica el jurado]]></commentInRDBMS>
<ownerDesignName>investigadores_gruposv2</ownerDesignName>
<engineerTo>
<item key="135B2A31-1B60-AB7A-48E1-BD1EC76DB788" value="true"/>
</engineerTo>
<useDomainConstraints>false</useDomainConstraints>
<use>1</use>
<logicalDatatype>LOGDT019</logicalDatatype>
<ownDataTypeParameters>,,</ownDataTypeParameters>
</Attribute>
<Attribute name="nombre" id="F1C9C42F-6263-D0D7-99CA-B60A1A51F90F">
<createdBy>SEBASTIAN ROA</createdBy>
<createdTime>2020-04-05 22:36:33 UTC</createdTime>
<commentInRDBMS><![CDATA[nombre del jurado que califico la tesis ]]></commentInRDBMS>
<ownerDesignName>investigadores_gruposv2</ownerDesignName>
<engineerTo>
<item key="135B2A31-1B60-AB7A-48E1-BD1EC76DB788" value="true"/>
</engineerTo>
<nullsAllowed>true</nullsAllowed>
<useDomainConstraints>false</useDomainConstraints>
<use>1</use>
<logicalDatatype>LOGDT024</logicalDatatype>
<dataTypeSize>100</dataTypeSize>
<ownDataTypeParameters>100,,</ownDataTypeParameters>
</Attribute>
<Attribute name="cod_historia" id="EC014C57-8BE5-23FD-58B5-E3A0749A9BED">
<createdBy>SEBASTIAN ROA</createdBy>
<createdTime>2020-04-05 22:38:24 UTC</createdTime>
<generatorID>49235C3F-8F37-0FCA-60CC-2D75491E9CF8</generatorID>
<ownerDesignName>investigadores_gruposv2</ownerDesignName>
<engineerTo>
<item key="135B2A31-1B60-AB7A-48E1-BD1EC76DB788" value="true"/>
</engineerTo>
<referedAttribute>433B2DC1-0530-A157-99A2-3C06AF82D89C</referedAttribute>
<useDomainConstraints>false</useDomainConstraints>
<use>1</use>
<logicalDatatype>LOGDT019</logicalDatatype>
<ownDataTypeParameters>,,</ownDataTypeParameters>
</Attribute>
</attributes>
<identifiers itemClass="oracle.dbtools.crest.model.design.logical.CandidateKey">
<identifier id="B5B48382-3DE6-43E4-321A-A212C587C9EC" name="Jurado PK">
<createdBy>SEBASTIAN ROA</createdBy>
<createdTime>2020-04-05 22:42:39 UTC</createdTime>
<ownerDesignName>investigadores_gruposv2</ownerDesignName>
<engineerTo>
<item key="135B2A31-1B60-AB7A-48E1-BD1EC76DB788" value="true"/>
</engineerTo>
<pk>true</pk>
<usedAttributes>
<attributeRef>20FE0DAC-3093-D8C8-B66D-3F24DAD2B148</attributeRef>
</usedAttributes>
</identifier>
</identifiers>
</Entity>