<?xml version = '1.0' encoding = 'UTF-8'?>
<Entity class="oracle.dbtools.crest.model.design.logical.Entity" directorySegmentName="seg_0" id="A3FCE31E-04E9-BF86-70B2-8F978F64AD8B" name="Tipo_trabajo">
<createdBy>SEBASTIAN ROA</createdBy>
<createdTime>2020-04-05 23:18:41 UTC</createdTime>
<ownerDesignName>investigadores_gruposv2</ownerDesignName>
<engineerTo>
<item key="135B2A31-1B60-AB7A-48E1-BD1EC76DB788" value="true"/>
</engineerTo>
<adequatelyNormalized>NO</adequatelyNormalized>
<expectedVolumes>0</expectedVolumes>
<fwdEngineeringStrategyName>Single Table</fwdEngineeringStrategyName>
<growthPercent>0</growthPercent>
<growthType>Year</growthType>
<maxVolumes>9999999</maxVolumes>
<minVolumes>0</minVolumes>
<normalForm>Third</normalForm>
<attributes itemClass="oracle.dbtools.crest.model.design.logical.Attribute">
<Attribute name="cod_tipotrabajo" id="176024B2-23E9-7C98-EB51-0F3596AFD10B">
<createdBy>SEBASTIAN ROA</createdBy>
<createdTime>2020-04-05 23:18:50 UTC</createdTime>
<commentInRDBMS><![CDATA[codigo con el que se identifica el tiupo de trabajo]]></commentInRDBMS>
<ownerDesignName>investigadores_gruposv2</ownerDesignName>
<engineerTo>
<item key="135B2A31-1B60-AB7A-48E1-BD1EC76DB788" value="true"/>
</engineerTo>
<useDomainConstraints>false</useDomainConstraints>
<use>1</use>
<logicalDatatype>LOGDT019</logicalDatatype>
<ownDataTypeParameters>,,</ownDataTypeParameters>
</Attribute>
<Attribute name="tipo_trabajo" id="94004FA0-89E0-7D70-2275-F46C9AA2901A">
<createdBy>SEBASTIAN ROA</createdBy>
<createdTime>2020-04-05 23:19:18 UTC</createdTime>
<commentInRDBMS><![CDATA[describe el tipo de trabajo (si es un trabajo, articulo,...etc)]]></commentInRDBMS>
<ownerDesignName>investigadores_gruposv2</ownerDesignName>
<engineerTo>
<item key="135B2A31-1B60-AB7A-48E1-BD1EC76DB788" value="true"/>
</engineerTo>
<nullsAllowed>true</nullsAllowed>
<useDomainConstraints>false</useDomainConstraints>
<use>1</use>
<logicalDatatype>LOGDT024</logicalDatatype>
<dataTypeSize>100</dataTypeSize>
<ownDataTypeParameters>100,,</ownDataTypeParameters>
</Attribute>
<Attribute name="cod_trabajo" id="89211BB2-3C48-C717-3002-736281611FC8">
<createdBy>SEBASTIAN ROA</createdBy>
<createdTime>2020-04-05 23:20:21 UTC</createdTime>
<generatorID>5CA80E98-4575-51A8-1CD4-8A7E05853A0C</generatorID>
<ownerDesignName>investigadores_gruposv2</ownerDesignName>
<engineerTo>
<item key="135B2A31-1B60-AB7A-48E1-BD1EC76DB788" value="true"/>
</engineerTo>
<referedAttribute>64422731-9266-53B2-A1FB-9E4CA79863AE</referedAttribute>
<useDomainConstraints>false</useDomainConstraints>
<use>1</use>
<logicalDatatype>LOGDT019</logicalDatatype>
<ownDataTypeParameters>,,</ownDataTypeParameters>
</Attribute>
</attributes>
<identifiers itemClass="oracle.dbtools.crest.model.design.logical.CandidateKey">
<identifier id="5FDFE5FF-7C20-FE61-AE84-12E10F5A6040" name="Tipo_trabajo PK">
<createdBy>SEBASTIAN ROA</createdBy>
<createdTime>2020-04-05 23:19:06 UTC</createdTime>
<ownerDesignName>investigadores_gruposv2</ownerDesignName>
<engineerTo>
<item key="135B2A31-1B60-AB7A-48E1-BD1EC76DB788" value="true"/>
</engineerTo>
<pk>true</pk>
<usedAttributes>
<attributeRef>176024B2-23E9-7C98-EB51-0F3596AFD10B</attributeRef>
</usedAttributes>
</identifier>
</identifiers>
</Entity>