<?xml version = '1.0' encoding = 'UTF-8'?>
<Entity class="oracle.dbtools.crest.model.design.logical.Entity" directorySegmentName="seg_0" id="A9B78F13-3705-98E9-4648-9930C6419651" name="Programa">
<createdBy>SEBASTIAN ROA</createdBy>
<createdTime>2020-04-05 22:23:24 UTC</createdTime>
<ownerDesignName>investigadores_gruposv2</ownerDesignName>
<engineerTo>
<item key="135B2A31-1B60-AB7A-48E1-BD1EC76DB788" value="true"/>
</engineerTo>
<adequatelyNormalized>NO</adequatelyNormalized>
<expectedVolumes>0</expectedVolumes>
<fwdEngineeringStrategyName>Single Table</fwdEngineeringStrategyName>
<growthPercent>0</growthPercent>
<growthType>Year</growthType>
<maxVolumes>9999999</maxVolumes>
<minVolumes>0</minVolumes>
<normalForm>Third</normalForm>
<attributes itemClass="oracle.dbtools.crest.model.design.logical.Attribute">
<Attribute name="cod_programa" id="23029518-DF9F-704A-50F6-FA6BBAB911C1">
<createdBy>SEBASTIAN ROA</createdBy>
<createdTime>2020-04-05 22:23:30 UTC</createdTime>
<commentInRDBMS><![CDATA[codigo del programa academico que investigador tomo]]></commentInRDBMS>
<ownerDesignName>investigadores_gruposv2</ownerDesignName>
<engineerTo>
<item key="135B2A31-1B60-AB7A-48E1-BD1EC76DB788" value="true"/>
</engineerTo>
<useDomainConstraints>false</useDomainConstraints>
<use>1</use>
<logicalDatatype>LOGDT019</logicalDatatype>
<ownDataTypeParameters>,,</ownDataTypeParameters>
</Attribute>
<Attribute name="tipo_programa" id="F763CDFF-CE83-E9E5-07C6-09C1875F7BEF">
<createdBy>SEBASTIAN ROA</createdBy>
<createdTime>2020-04-05 22:26:17 UTC</createdTime>
<commentInRDBMS><![CDATA[el tipo de programa que el investigador curso]]></commentInRDBMS>
<ownerDesignName>investigadores_gruposv2</ownerDesignName>
<engineerTo>
<item key="135B2A31-1B60-AB7A-48E1-BD1EC76DB788" value="true"/>
</engineerTo>
<nullsAllowed>true</nullsAllowed>
<useDomainConstraints>false</useDomainConstraints>
<use>1</use>
<logicalDatatype>LOGDT024</logicalDatatype>
<dataTypeSize>100</dataTypeSize>
<ownDataTypeParameters>100,,</ownDataTypeParameters>
</Attribute>
<Attribute name="Nombre_programa" id="3AA05A2F-248E-4F33-6CD6-720061A98E3C">
<createdBy>SEBASTIAN ROA</createdBy>
<createdTime>2020-04-05 22:26:46 UTC</createdTime>
<commentInRDBMS><![CDATA[nombre del programa academico que curso el investigador ]]></commentInRDBMS>
<ownerDesignName>investigadores_gruposv2</ownerDesignName>
<engineerTo>
<item key="135B2A31-1B60-AB7A-48E1-BD1EC76DB788" value="true"/>
</engineerTo>
<nullsAllowed>true</nullsAllowed>
<useDomainConstraints>false</useDomainConstraints>
<use>1</use>
<logicalDatatype>LOGDT024</logicalDatatype>
<dataTypeSize>100</dataTypeSize>
<ownDataTypeParameters>100,,</ownDataTypeParameters>
</Attribute>
<Attribute name="num_semestres" id="903C7D63-940A-82FB-AEA7-3AE04AA0F2E9">
<createdBy>SEBASTIAN ROA</createdBy>
<createdTime>2020-04-05 22:27:34 UTC</createdTime>
<commentInRDBMS><![CDATA[numero de semestres del programa academico]]></commentInRDBMS>
<ownerDesignName>investigadores_gruposv2</ownerDesignName>
<engineerTo>
<item key="135B2A31-1B60-AB7A-48E1-BD1EC76DB788" value="true"/>
</engineerTo>
<nullsAllowed>true</nullsAllowed>
<useDomainConstraints>false</useDomainConstraints>
<use>1</use>
<logicalDatatype>LOGDT019</logicalDatatype>
<ownDataTypeParameters>,,</ownDataTypeParameters>
</Attribute>
</attributes>
<identifiers itemClass="oracle.dbtools.crest.model.design.logical.CandidateKey">
<identifier id="4959F8C2-3BD2-CDB4-C35F-85706C5811B1" name="Programa PK">
<createdBy>SEBASTIAN ROA</createdBy>
<createdTime>2020-04-05 22:23:42 UTC</createdTime>
<ownerDesignName>investigadores_gruposv2</ownerDesignName>
<engineerTo>
<item key="135B2A31-1B60-AB7A-48E1-BD1EC76DB788" value="true"/>
</engineerTo>
<pk>true</pk>
<usedAttributes>
<attributeRef>23029518-DF9F-704A-50F6-FA6BBAB911C1</attributeRef>
</usedAttributes>
</identifier>
</identifiers>
</Entity>