<?xml version = '1.0' encoding = 'UTF-8'?>
<Entity class="oracle.dbtools.crest.model.design.logical.Entity" directorySegmentName="seg_0" id="AC823A4B-FA9C-7627-AEC0-A573ED37102D" name="Producciones">
<createdBy>SEBASTIAN ROA</createdBy>
<createdTime>2020-04-05 23:13:07 UTC</createdTime>
<ownerDesignName>investigadores_gruposv2</ownerDesignName>
<engineerTo>
<item key="135B2A31-1B60-AB7A-48E1-BD1EC76DB788" value="true"/>
</engineerTo>
<adequatelyNormalized>NO</adequatelyNormalized>
<expectedVolumes>0</expectedVolumes>
<fwdEngineeringStrategyName>Single Table</fwdEngineeringStrategyName>
<growthPercent>0</growthPercent>
<growthType>Year</growthType>
<maxVolumes>9999999</maxVolumes>
<minVolumes>0</minVolumes>
<normalForm>Third</normalForm>
<attributes itemClass="oracle.dbtools.crest.model.design.logical.Attribute">
<Attribute name="cod_producciones " id="0F77CF8F-AEBD-9DC0-316C-1DE05E068BFD">
<createdBy>SEBASTIAN ROA</createdBy>
<createdTime>2020-04-05 23:13:14 UTC</createdTime>
<commentInRDBMS><![CDATA[codigo de la produccion 
]]></commentInRDBMS>
<ownerDesignName>investigadores_gruposv2</ownerDesignName>
<engineerTo>
<item key="135B2A31-1B60-AB7A-48E1-BD1EC76DB788" value="true"/>
</engineerTo>
<useDomainConstraints>false</useDomainConstraints>
<use>1</use>
<logicalDatatype>LOGDT019</logicalDatatype>
<ownDataTypeParameters>,,</ownDataTypeParameters>
</Attribute>
<Attribute name="Tipo_produccion" id="FE21D298-02DB-26EB-0811-220FBAD11BC7">
<createdBy>SEBASTIAN ROA</createdBy>
<createdTime>2020-04-05 23:14:02 UTC</createdTime>
<commentInRDBMS><![CDATA[tipo de produccion realizada(bibliografica, tecnica, arte)]]></commentInRDBMS>
<ownerDesignName>investigadores_gruposv2</ownerDesignName>
<engineerTo>
<item key="135B2A31-1B60-AB7A-48E1-BD1EC76DB788" value="true"/>
</engineerTo>
<useDomainConstraints>false</useDomainConstraints>
<use>1</use>
<logicalDatatype>LOGDT006</logicalDatatype>
<dataTypeSize>3</dataTypeSize>
<ownDataTypeParameters>3,,</ownDataTypeParameters>
</Attribute>
<Attribute name="cod_id" id="1D1BAE32-71A3-05C6-A2F1-AB8CB86FCBE8">
<createdBy>SEBASTIAN ROA</createdBy>
<createdTime>2020-04-05 23:16:20 UTC</createdTime>
<generatorID>B95FD9CD-BFEC-CAD4-01EB-403864ECE5DE</generatorID>
<ownerDesignName>investigadores_gruposv2</ownerDesignName>
<engineerTo>
<item key="135B2A31-1B60-AB7A-48E1-BD1EC76DB788" value="true"/>
</engineerTo>
<referedAttribute>86C07E09-691E-0F42-2038-21EF2AEB0AE1</referedAttribute>
<useDomainConstraints>false</useDomainConstraints>
<use>1</use>
<logicalDatatype>LOGDT019</logicalDatatype>
<ownDataTypeParameters>,,</ownDataTypeParameters>
</Attribute>
<Attribute name="Año de publicacion " id="1A757BB7-2A19-769B-4CCF-9378B068F24E">
<createdBy>SEBASTIAN ROA</createdBy>
<createdTime>2020-04-05 23:17:15 UTC</createdTime>
<commentInRDBMS><![CDATA[año en el que se publico la produccion 
]]></commentInRDBMS>
<ownerDesignName>investigadores_gruposv2</ownerDesignName>
<engineerTo>
<item key="135B2A31-1B60-AB7A-48E1-BD1EC76DB788" value="true"/>
</engineerTo>
<nullsAllowed>true</nullsAllowed>
<useDomainConstraints>false</useDomainConstraints>
<use>1</use>
<logicalDatatype>LOGDT015</logicalDatatype>
<ownDataTypeParameters>,,</ownDataTypeParameters>
</Attribute>
<Attribute name="ISBN" id="1018E212-D971-04AE-949E-46FD9A755EC2">
<createdBy>SEBASTIAN ROA</createdBy>
<createdTime>2020-04-05 23:17:52 UTC</createdTime>
<commentInRDBMS><![CDATA[numero del ISBN
]]></commentInRDBMS>
<ownerDesignName>investigadores_gruposv2</ownerDesignName>
<engineerTo>
<item key="135B2A31-1B60-AB7A-48E1-BD1EC76DB788" value="true"/>
</engineerTo>
<nullsAllowed>true</nullsAllowed>
<useDomainConstraints>false</useDomainConstraints>
<use>1</use>
<logicalDatatype>LOGDT019</logicalDatatype>
<ownDataTypeParameters>,,</ownDataTypeParameters>
</Attribute>
<Attribute name="cod_grupo" id="5F0E3A87-FE36-CAC2-4A57-1BE6410F1A70">
<createdBy>SEBASTIAN ROA</createdBy>
<createdTime>2020-04-05 23:53:29 UTC</createdTime>
<generatorID>82189219-5A1A-4834-23FB-EF9E9327F36C</generatorID>
<ownerDesignName>investigadores_gruposv2</ownerDesignName>
<engineerTo>
<item key="135B2A31-1B60-AB7A-48E1-BD1EC76DB788" value="true"/>
</engineerTo>
<referedAttribute>DF012170-A962-6EA4-AC0E-0E60F5E3EBB8</referedAttribute>
<useDomainConstraints>false</useDomainConstraints>
<use>1</use>
<logicalDatatype>LOGDT019</logicalDatatype>
<ownDataTypeParameters>,,</ownDataTypeParameters>
</Attribute>
</attributes>
<identifiers itemClass="oracle.dbtools.crest.model.design.logical.CandidateKey">
<identifier id="F834A1B4-42A9-432F-96D2-1C3E5B47C0CE" name="Producciones PK">
<createdBy>SEBASTIAN ROA</createdBy>
<createdTime>2020-04-05 23:13:24 UTC</createdTime>
<ownerDesignName>investigadores_gruposv2</ownerDesignName>
<engineerTo>
<item key="135B2A31-1B60-AB7A-48E1-BD1EC76DB788" value="true"/>
</engineerTo>
<pk>true</pk>
<usedAttributes>
<attributeRef>0F77CF8F-AEBD-9DC0-316C-1DE05E068BFD</attributeRef>
</usedAttributes>
</identifier>
</identifiers>
</Entity>