<?xml version = '1.0' encoding = 'UTF-8'?>
<Entity class="oracle.dbtools.crest.model.design.logical.Entity" directorySegmentName="seg_0" id="B664ED7E-2AF1-42DC-558E-24881E579BDB" name="Dedicacion">
<createdBy>SEBASTIAN ROA</createdBy>
<createdTime>2020-04-05 23:36:07 UTC</createdTime>
<ownerDesignName>investigadores_gruposv2</ownerDesignName>
<engineerTo>
<item key="135B2A31-1B60-AB7A-48E1-BD1EC76DB788" value="true"/>
</engineerTo>
<adequatelyNormalized>NO</adequatelyNormalized>
<expectedVolumes>0</expectedVolumes>
<fwdEngineeringStrategyName>Single Table</fwdEngineeringStrategyName>
<growthPercent>0</growthPercent>
<growthType>Year</growthType>
<maxVolumes>9999999</maxVolumes>
<minVolumes>0</minVolumes>
<normalForm>Third</normalForm>
<attributes itemClass="oracle.dbtools.crest.model.design.logical.Attribute">
<Attribute name="cod_dedicacion" id="6AAFD57B-53CC-9F8E-6AB2-6D84087D9640">
<createdBy>SEBASTIAN ROA</createdBy>
<createdTime>2020-04-05 23:36:16 UTC</createdTime>
<ownerDesignName>investigadores_gruposv2</ownerDesignName>
<engineerTo>
<item key="135B2A31-1B60-AB7A-48E1-BD1EC76DB788" value="true"/>
</engineerTo>
<nullsAllowed>true</nullsAllowed>
<use>0</use>
<ownDataTypeParameters>,,</ownDataTypeParameters>
</Attribute>
<Attribute name="Fecha_inicio" id="DEB1B1E6-B2EF-E9E7-B4B7-D136BDA93EE2">
<createdBy>SEBASTIAN ROA</createdBy>
<createdTime>2020-04-05 23:36:23 UTC</createdTime>
<commentInRDBMS><![CDATA[Fecha inicio de la dedicación]]></commentInRDBMS>
<ownerDesignName>investigadores_gruposv2</ownerDesignName>
<engineerTo>
<item key="135B2A31-1B60-AB7A-48E1-BD1EC76DB788" value="true"/>
</engineerTo>
<nullsAllowed>true</nullsAllowed>
<useDomainConstraints>false</useDomainConstraints>
<use>1</use>
<logicalDatatype>LOGDT007</logicalDatatype>
<ownDataTypeParameters>,,</ownDataTypeParameters>
</Attribute>
<Attribute name="Fecha_terminacion " id="1032D489-630D-DF24-F0BE-8EF31999B36B">
<createdBy>SEBASTIAN ROA</createdBy>
<createdTime>2020-04-05 23:36:45 UTC</createdTime>
<commentInRDBMS><![CDATA[Fecha fin de la dedicación]]></commentInRDBMS>
<ownerDesignName>investigadores_gruposv2</ownerDesignName>
<engineerTo>
<item key="135B2A31-1B60-AB7A-48E1-BD1EC76DB788" value="true"/>
</engineerTo>
<nullsAllowed>true</nullsAllowed>
<useDomainConstraints>false</useDomainConstraints>
<use>1</use>
<logicalDatatype>LOGDT007</logicalDatatype>
<ownDataTypeParameters>,,</ownDataTypeParameters>
</Attribute>
<Attribute name="Attribute_4" id="E88C19D0-8310-1B9E-5384-14B0A5120D7A">
<createdBy>SEBASTIAN ROA</createdBy>
<createdTime>2020-04-05 23:37:08 UTC</createdTime>
<ownerDesignName>investigadores_gruposv2</ownerDesignName>
<engineerTo>
<item key="135B2A31-1B60-AB7A-48E1-BD1EC76DB788" value="true"/>
</engineerTo>
<nullsAllowed>true</nullsAllowed>
<use>0</use>
<ownDataTypeParameters>,,</ownDataTypeParameters>
</Attribute>
<Attribute name="Horas_semanales_dedicadas" id="22183ECB-F8FC-A92B-CCB6-D5956896B0AF">
<createdBy>SEBASTIAN ROA</createdBy>
<createdTime>2020-04-05 23:37:19 UTC</createdTime>
<commentInRDBMS><![CDATA[Horas semanales dedicadas]]></commentInRDBMS>
<ownerDesignName>investigadores_gruposv2</ownerDesignName>
<engineerTo>
<item key="135B2A31-1B60-AB7A-48E1-BD1EC76DB788" value="true"/>
</engineerTo>
<nullsAllowed>true</nullsAllowed>
<useDomainConstraints>false</useDomainConstraints>
<use>1</use>
<logicalDatatype>LOGDT019</logicalDatatype>
<ownDataTypeParameters>,,</ownDataTypeParameters>
</Attribute>
<Attribute name="cod_id_grupo" id="F84F921F-2202-5506-836B-E8582D5F4DCA">
<createdBy>SEBASTIAN ROA</createdBy>
<createdTime>2020-04-05 23:37:56 UTC</createdTime>
<generatorID>22498B29-FC9D-C9C0-262E-5A2A6707CEB1</generatorID>
<ownerDesignName>investigadores_gruposv2</ownerDesignName>
<engineerTo>
<item key="135B2A31-1B60-AB7A-48E1-BD1EC76DB788" value="true"/>
</engineerTo>
<referedAttribute>6A081BBD-2072-C340-C215-193D671FA3B4</referedAttribute>
<useDomainConstraints>false</useDomainConstraints>
<use>1</use>
<logicalDatatype>LOGDT019</logicalDatatype>
<ownDataTypeParameters>,,</ownDataTypeParameters>
</Attribute>
</attributes>
</Entity>