<?xml version = '1.0' encoding = 'UTF-8'?>
<Entity class="oracle.dbtools.crest.model.design.logical.Entity" directorySegmentName="seg_0" id="BCFEB334-5B7F-C52B-5B1E-207309D620E8" name="Semillero">
<createdBy>SEBASTIAN ROA</createdBy>
<createdTime>2020-04-05 23:55:23 UTC</createdTime>
<ownerDesignName>investigadores_gruposv2</ownerDesignName>
<engineerTo>
<item key="135B2A31-1B60-AB7A-48E1-BD1EC76DB788" value="true"/>
</engineerTo>
<adequatelyNormalized>NO</adequatelyNormalized>
<expectedVolumes>0</expectedVolumes>
<fwdEngineeringStrategyName>Single Table</fwdEngineeringStrategyName>
<growthPercent>0</growthPercent>
<growthType>Year</growthType>
<maxVolumes>9999999</maxVolumes>
<minVolumes>0</minVolumes>
<normalForm>Third</normalForm>
<attributes itemClass="oracle.dbtools.crest.model.design.logical.Attribute">
<Attribute name="cod_semillero" id="93D79DFE-54C8-88E8-5DBB-B833BEC10BE9">
<createdBy>SEBASTIAN ROA</createdBy>
<createdTime>2020-04-05 23:55:30 UTC</createdTime>
<commentInRDBMS><![CDATA[codigo del semillero
]]></commentInRDBMS>
<ownerDesignName>investigadores_gruposv2</ownerDesignName>
<engineerTo>
<item key="135B2A31-1B60-AB7A-48E1-BD1EC76DB788" value="true"/>
</engineerTo>
<nullsAllowed>true</nullsAllowed>
<useDomainConstraints>false</useDomainConstraints>
<use>1</use>
<logicalDatatype>LOGDT019</logicalDatatype>
<ownDataTypeParameters>,,</ownDataTypeParameters>
</Attribute>
<Attribute name="cod_grupo" id="1D1C55E6-BF72-CB48-9E2C-3064A03718B7">
<createdBy>SEBASTIAN ROA</createdBy>
<createdTime>2020-04-05 23:56:24 UTC</createdTime>
<generatorID>3B4CBD41-2AD0-0434-08F3-ACEC11BDEF79</generatorID>
<ownerDesignName>investigadores_gruposv2</ownerDesignName>
<engineerTo>
<item key="135B2A31-1B60-AB7A-48E1-BD1EC76DB788" value="true"/>
</engineerTo>
<referedAttribute>DF012170-A962-6EA4-AC0E-0E60F5E3EBB8</referedAttribute>
<useDomainConstraints>false</useDomainConstraints>
<use>1</use>
<logicalDatatype>LOGDT019</logicalDatatype>
<ownDataTypeParameters>,,</ownDataTypeParameters>
</Attribute>
<Attribute name="Fecha_Inicio" id="735B1985-4C29-F04F-38F5-7C81CDB6E397">
<createdBy>SEBASTIAN ROA</createdBy>
<createdTime>2020-04-05 23:57:11 UTC</createdTime>
<commentInRDBMS><![CDATA[Fecha en la que inicio el semillero
]]></commentInRDBMS>
<ownerDesignName>investigadores_gruposv2</ownerDesignName>
<engineerTo>
<item key="135B2A31-1B60-AB7A-48E1-BD1EC76DB788" value="true"/>
</engineerTo>
<nullsAllowed>true</nullsAllowed>
<useDomainConstraints>false</useDomainConstraints>
<use>1</use>
<logicalDatatype>LOGDT007</logicalDatatype>
<ownDataTypeParameters>,,</ownDataTypeParameters>
</Attribute>
<Attribute name="lider" id="696A8484-801E-851A-43EB-C43B5165DBDF">
<createdBy>SEBASTIAN ROA</createdBy>
<createdTime>2020-04-05 23:57:45 UTC</createdTime>
<commentInRDBMS><![CDATA[Lider del semillero
]]></commentInRDBMS>
<ownerDesignName>investigadores_gruposv2</ownerDesignName>
<engineerTo>
<item key="135B2A31-1B60-AB7A-48E1-BD1EC76DB788" value="true"/>
</engineerTo>
<nullsAllowed>true</nullsAllowed>
<useDomainConstraints>false</useDomainConstraints>
<use>1</use>
<logicalDatatype>LOGDT024</logicalDatatype>
<dataTypeSize>100</dataTypeSize>
<ownDataTypeParameters>100,,</ownDataTypeParameters>
</Attribute>
<Attribute name="Pagina_Web" id="51896641-BCDE-4899-53C4-9C912D3B57AC">
<createdBy>SEBASTIAN ROA</createdBy>
<createdTime>2020-04-05 23:58:12 UTC</createdTime>
<commentInRDBMS><![CDATA[pagina web del semillero]]></commentInRDBMS>
<ownerDesignName>investigadores_gruposv2</ownerDesignName>
<engineerTo>
<item key="135B2A31-1B60-AB7A-48E1-BD1EC76DB788" value="true"/>
</engineerTo>
<nullsAllowed>true</nullsAllowed>
<useDomainConstraints>false</useDomainConstraints>
<use>1</use>
<logicalDatatype>LOGDT024</logicalDatatype>
<dataTypeSize>100</dataTypeSize>
<ownDataTypeParameters>100,,</ownDataTypeParameters>
</Attribute>
<Attribute name="Correo" id="48E64BA3-0546-E37C-2402-66FEE0F74B19">
<createdBy>SEBASTIAN ROA</createdBy>
<createdTime>2020-04-05 23:58:31 UTC</createdTime>
<commentInRDBMS><![CDATA[correo electronico del semillero]]></commentInRDBMS>
<ownerDesignName>investigadores_gruposv2</ownerDesignName>
<engineerTo>
<item key="135B2A31-1B60-AB7A-48E1-BD1EC76DB788" value="true"/>
</engineerTo>
<nullsAllowed>true</nullsAllowed>
<useDomainConstraints>false</useDomainConstraints>
<use>1</use>
<logicalDatatype>LOGDT024</logicalDatatype>
<dataTypeSize>100</dataTypeSize>
<ownDataTypeParameters>100,,</ownDataTypeParameters>
</Attribute>
<Attribute name="Pais" id="E4AAD1F9-0719-DB60-0FDD-2786F17E2871">
<createdBy>SEBASTIAN ROA</createdBy>
<createdTime>2020-04-06 00:00:43 UTC</createdTime>
<commentInRDBMS><![CDATA[pais en donde se conformo el semillero]]></commentInRDBMS>
<ownerDesignName>investigadores_gruposv2</ownerDesignName>
<engineerTo>
<item key="135B2A31-1B60-AB7A-48E1-BD1EC76DB788" value="true"/>
</engineerTo>
<nullsAllowed>true</nullsAllowed>
<useDomainConstraints>false</useDomainConstraints>
<use>1</use>
<logicalDatatype>LOGDT024</logicalDatatype>
<dataTypeSize>100</dataTypeSize>
<ownDataTypeParameters>100,,</ownDataTypeParameters>
</Attribute>
<Attribute name="ciudad" id="A93B279B-2B64-E6A9-805A-7157A0DA41C9">
<createdBy>SEBASTIAN ROA</createdBy>
<createdTime>2020-04-06 00:01:02 UTC</createdTime>
<commentInRDBMS><![CDATA[ciudad en donde se conformo el Semillero]]></commentInRDBMS>
<ownerDesignName>investigadores_gruposv2</ownerDesignName>
<engineerTo>
<item key="135B2A31-1B60-AB7A-48E1-BD1EC76DB788" value="true"/>
</engineerTo>
<nullsAllowed>true</nullsAllowed>
<useDomainConstraints>false</useDomainConstraints>
<use>1</use>
<logicalDatatype>LOGDT024</logicalDatatype>
<dataTypeSize>100</dataTypeSize>
<ownDataTypeParameters>100,,</ownDataTypeParameters>
</Attribute>
<Attribute name="Estado" id="3275F277-0A57-112C-87DA-1525DF51AC72">
<createdBy>SEBASTIAN ROA</createdBy>
<createdTime>2020-04-06 00:01:24 UTC</createdTime>
<commentInRDBMS><![CDATA[estado o departamento en donde de origino el Semillero]]></commentInRDBMS>
<ownerDesignName>investigadores_gruposv2</ownerDesignName>
<engineerTo>
<item key="135B2A31-1B60-AB7A-48E1-BD1EC76DB788" value="true"/>
</engineerTo>
<nullsAllowed>true</nullsAllowed>
<useDomainConstraints>false</useDomainConstraints>
<use>1</use>
<logicalDatatype>LOGDT024</logicalDatatype>
<dataTypeSize>100</dataTypeSize>
<ownDataTypeParameters>100,,</ownDataTypeParameters>
</Attribute>
</attributes>
</Entity>