<?xml version = '1.0' encoding = 'UTF-8'?>
<Entity class="oracle.dbtools.crest.model.design.logical.Entity" directorySegmentName="seg_0" id="C0D906FF-1387-6647-CA1D-9617DCF5D2E2" name="Conferencias">
<createdBy>SEBASTIAN ROA</createdBy>
<createdTime>2020-04-05 23:38:42 UTC</createdTime>
<ownerDesignName>investigadores_gruposv2</ownerDesignName>
<engineerTo>
<item key="135B2A31-1B60-AB7A-48E1-BD1EC76DB788" value="true"/>
</engineerTo>
<adequatelyNormalized>NO</adequatelyNormalized>
<expectedVolumes>0</expectedVolumes>
<fwdEngineeringStrategyName>Single Table</fwdEngineeringStrategyName>
<growthPercent>0</growthPercent>
<growthType>Year</growthType>
<maxVolumes>9999999</maxVolumes>
<minVolumes>0</minVolumes>
<normalForm>Third</normalForm>
<attributes itemClass="oracle.dbtools.crest.model.design.logical.Attribute">
<Attribute name="cod_conferencia " id="DB258049-EF84-CB7F-B85B-1D92E49A14BD">
<createdBy>SEBASTIAN ROA</createdBy>
<createdTime>2020-04-05 23:38:49 UTC</createdTime>
<commentInRDBMS><![CDATA[codigo de la conferencia ]]></commentInRDBMS>
<ownerDesignName>investigadores_gruposv2</ownerDesignName>
<engineerTo>
<item key="135B2A31-1B60-AB7A-48E1-BD1EC76DB788" value="true"/>
</engineerTo>
<nullsAllowed>true</nullsAllowed>
<useDomainConstraints>false</useDomainConstraints>
<use>1</use>
<logicalDatatype>LOGDT019</logicalDatatype>
<ownDataTypeParameters>,,</ownDataTypeParameters>
</Attribute>
<Attribute name="Nombre_conferencia" id="70D82EED-00A5-73D7-E52A-549E93F10DA0">
<createdBy>SEBASTIAN ROA</createdBy>
<createdTime>2020-04-05 23:39:14 UTC</createdTime>
<commentInRDBMS><![CDATA[nombre de la conferencia dictada ]]></commentInRDBMS>
<ownerDesignName>investigadores_gruposv2</ownerDesignName>
<engineerTo>
<item key="135B2A31-1B60-AB7A-48E1-BD1EC76DB788" value="true"/>
</engineerTo>
<nullsAllowed>true</nullsAllowed>
<useDomainConstraints>false</useDomainConstraints>
<use>1</use>
<logicalDatatype>LOGDT024</logicalDatatype>
<dataTypeSize>100</dataTypeSize>
<ownDataTypeParameters>100,,</ownDataTypeParameters>
</Attribute>
<Attribute name="Fecha" id="E55315A1-D75D-4FD6-8FEF-14048EF84D3F">
<createdBy>SEBASTIAN ROA</createdBy>
<createdTime>2020-04-05 23:39:43 UTC</createdTime>
<commentInRDBMS><![CDATA[fecha de la conferencia]]></commentInRDBMS>
<ownerDesignName>investigadores_gruposv2</ownerDesignName>
<engineerTo>
<item key="135B2A31-1B60-AB7A-48E1-BD1EC76DB788" value="true"/>
</engineerTo>
<nullsAllowed>true</nullsAllowed>
<useDomainConstraints>false</useDomainConstraints>
<use>1</use>
<logicalDatatype>LOGDT007</logicalDatatype>
<ownDataTypeParameters>,,</ownDataTypeParameters>
</Attribute>
<Attribute name="Ciudad" id="A8A71FF0-3A73-5884-076A-84A7E48AA214">
<createdBy>SEBASTIAN ROA</createdBy>
<createdTime>2020-04-05 23:41:32 UTC</createdTime>
<commentInRDBMS><![CDATA[ciudad de la conferencia
]]></commentInRDBMS>
<ownerDesignName>investigadores_gruposv2</ownerDesignName>
<engineerTo>
<item key="135B2A31-1B60-AB7A-48E1-BD1EC76DB788" value="true"/>
</engineerTo>
<nullsAllowed>true</nullsAllowed>
<useDomainConstraints>false</useDomainConstraints>
<use>1</use>
<logicalDatatype>LOGDT024</logicalDatatype>
<dataTypeSize>100</dataTypeSize>
<ownDataTypeParameters>100,,</ownDataTypeParameters>
</Attribute>
<Attribute name="cod_id_grupo" id="88D6A375-2125-FB36-ACEC-E73E58DF8396">
<createdBy>SEBASTIAN ROA</createdBy>
<createdTime>2020-04-05 23:42:31 UTC</createdTime>
<generatorID>F8D37FAF-ED04-1C14-738D-0FF285C0DF9E</generatorID>
<ownerDesignName>investigadores_gruposv2</ownerDesignName>
<engineerTo>
<item key="135B2A31-1B60-AB7A-48E1-BD1EC76DB788" value="true"/>
</engineerTo>
<referedAttribute>6A081BBD-2072-C340-C215-193D671FA3B4</referedAttribute>
<useDomainConstraints>false</useDomainConstraints>
<use>1</use>
<logicalDatatype>LOGDT019</logicalDatatype>
<ownDataTypeParameters>,,</ownDataTypeParameters>
</Attribute>
</attributes>
</Entity>