<?xml version = '1.0' encoding = 'UTF-8'?>
<Entity class="oracle.dbtools.crest.model.design.logical.Entity" directorySegmentName="seg_0" id="C41B8544-96CF-D46A-F203-4891B04EBFB9" name="telefonos">
<createdBy>SEBASTIAN ROA</createdBy>
<createdTime>2020-04-05 21:54:00 UTC</createdTime>
<ownerDesignName>investigadores_gruposv2</ownerDesignName>
<engineerTo>
<item key="135B2A31-1B60-AB7A-48E1-BD1EC76DB788" value="true"/>
</engineerTo>
<adequatelyNormalized>NO</adequatelyNormalized>
<expectedVolumes>0</expectedVolumes>
<fwdEngineeringStrategyName>Single Table</fwdEngineeringStrategyName>
<growthPercent>0</growthPercent>
<growthType>Year</growthType>
<maxVolumes>9999999</maxVolumes>
<minVolumes>0</minVolumes>
<normalForm>Third</normalForm>
<attributes itemClass="oracle.dbtools.crest.model.design.logical.Attribute">
<Attribute name="cod_telefonos" id="6F58DDCF-3F65-0019-07D2-0DF193A88EE2">
<createdBy>SEBASTIAN ROA</createdBy>
<createdTime>2020-04-05 21:54:10 UTC</createdTime>
<commentInRDBMS><![CDATA[codigo con el cual se identifica el correo]]></commentInRDBMS>
<ownerDesignName>investigadores_gruposv2</ownerDesignName>
<engineerTo>
<item key="135B2A31-1B60-AB7A-48E1-BD1EC76DB788" value="true"/>
</engineerTo>
<useDomainConstraints>false</useDomainConstraints>
<use>1</use>
<logicalDatatype>LOGDT019</logicalDatatype>
<ownDataTypeParameters>,,</ownDataTypeParameters>
</Attribute>
<Attribute name="cod_id" id="8849FBC5-55FB-1F44-F65E-9982AD5B2A9C">
<createdBy>SEBASTIAN ROA</createdBy>
<createdTime>2020-04-05 21:59:17 UTC</createdTime>
<generatorID>46A21BE3-D8D0-F59A-D873-02970B37593C</generatorID>
<ownerDesignName>investigadores_gruposv2</ownerDesignName>
<engineerTo>
<item key="135B2A31-1B60-AB7A-48E1-BD1EC76DB788" value="true"/>
</engineerTo>
<referedAttribute>86C07E09-691E-0F42-2038-21EF2AEB0AE1</referedAttribute>
<useDomainConstraints>false</useDomainConstraints>
<use>1</use>
<logicalDatatype>LOGDT019</logicalDatatype>
<ownDataTypeParameters>,,</ownDataTypeParameters>
</Attribute>
<Attribute name="Telefono_residencia" id="A30FA7C9-9D11-1B7D-7FE5-49C7B4DFF725">
<createdBy>SEBASTIAN ROA</createdBy>
<createdTime>2020-04-05 22:08:15 UTC</createdTime>
<commentInRDBMS><![CDATA[telefono de residencia del investigador ]]></commentInRDBMS>
<ownerDesignName>investigadores_gruposv2</ownerDesignName>
<engineerTo>
<item key="135B2A31-1B60-AB7A-48E1-BD1EC76DB788" value="true"/>
</engineerTo>
<nullsAllowed>true</nullsAllowed>
<useDomainConstraints>false</useDomainConstraints>
<use>1</use>
<logicalDatatype>LOGDT019</logicalDatatype>
<ownDataTypeParameters>,,</ownDataTypeParameters>
</Attribute>
<Attribute name="Telefono_oficina" id="E6841E39-2A85-DC71-AC50-528C1EA12E89">
<createdBy>SEBASTIAN ROA</createdBy>
<createdTime>2020-04-05 22:08:41 UTC</createdTime>
<commentInRDBMS><![CDATA[telefono de la oficina del investigador ]]></commentInRDBMS>
<ownerDesignName>investigadores_gruposv2</ownerDesignName>
<engineerTo>
<item key="135B2A31-1B60-AB7A-48E1-BD1EC76DB788" value="true"/>
</engineerTo>
<nullsAllowed>true</nullsAllowed>
<useDomainConstraints>false</useDomainConstraints>
<use>1</use>
<logicalDatatype>LOGDT019</logicalDatatype>
<ownDataTypeParameters>,,</ownDataTypeParameters>
</Attribute>
<Attribute name="Celular " id="522C213B-6EEA-212C-F327-1623B5341165">
<createdBy>SEBASTIAN ROA</createdBy>
<createdTime>2020-04-05 22:09:07 UTC</createdTime>
<commentInRDBMS><![CDATA[telefono celular del investigador ]]></commentInRDBMS>
<ownerDesignName>investigadores_gruposv2</ownerDesignName>
<engineerTo>
<item key="135B2A31-1B60-AB7A-48E1-BD1EC76DB788" value="true"/>
</engineerTo>
<nullsAllowed>true</nullsAllowed>
<useDomainConstraints>false</useDomainConstraints>
<use>1</use>
<logicalDatatype>LOGDT019</logicalDatatype>
<ownDataTypeParameters>,,</ownDataTypeParameters>
</Attribute>
<Attribute name="cod_institucion" id="3F300DC5-EB14-9C60-0008-6148C86826DE">
<createdBy>SEBASTIAN ROA</createdBy>
<createdTime>2020-04-05 22:49:07 UTC</createdTime>
<generatorID>DCF5B33F-8B21-D359-8608-9685843FC445</generatorID>
<ownerDesignName>investigadores_gruposv2</ownerDesignName>
<engineerTo>
<item key="135B2A31-1B60-AB7A-48E1-BD1EC76DB788" value="true"/>
</engineerTo>
<referedAttribute>9B7F2F57-D702-9EFF-DD98-C0039C01BBCF</referedAttribute>
<useDomainConstraints>false</useDomainConstraints>
<use>1</use>
<logicalDatatype>LOGDT019</logicalDatatype>
<ownDataTypeParameters>,,</ownDataTypeParameters>
</Attribute>
</attributes>
<identifiers itemClass="oracle.dbtools.crest.model.design.logical.CandidateKey">
<identifier id="BA2E77B5-3453-C8AC-38C1-03A643D433FD" name="telefonos PK">
<createdBy>SEBASTIAN ROA</createdBy>
<createdTime>2020-04-05 21:54:24 UTC</createdTime>
<ownerDesignName>investigadores_gruposv2</ownerDesignName>
<engineerTo>
<item key="135B2A31-1B60-AB7A-48E1-BD1EC76DB788" value="true"/>
</engineerTo>
<pk>true</pk>
<usedAttributes>
<attributeRef>6F58DDCF-3F65-0019-07D2-0DF193A88EE2</attributeRef>
</usedAttributes>
</identifier>
</identifiers>
</Entity>