<?xml version = '1.0' encoding = 'UTF-8'?>
<Entity class="oracle.dbtools.crest.model.design.logical.Entity" directorySegmentName="seg_0" id="CD144357-BE60-E691-40B1-824E77FEBE66" name="Producciones_Academicas">
<createdBy>SEBASTIAN ROA</createdBy>
<createdTime>2020-04-05 23:43:36 UTC</createdTime>
<ownerDesignName>investigadores_gruposv2</ownerDesignName>
<engineerTo>
<item key="135B2A31-1B60-AB7A-48E1-BD1EC76DB788" value="true"/>
</engineerTo>
<adequatelyNormalized>NO</adequatelyNormalized>
<expectedVolumes>0</expectedVolumes>
<fwdEngineeringStrategyName>Single Table</fwdEngineeringStrategyName>
<growthPercent>0</growthPercent>
<growthType>Year</growthType>
<maxVolumes>9999999</maxVolumes>
<minVolumes>0</minVolumes>
<normalForm>Third</normalForm>
<attributes itemClass="oracle.dbtools.crest.model.design.logical.Attribute">
<Attribute name="cod_ProdAca" id="FA93580D-2C70-7317-8C07-851DE789FFFE">
<createdBy>SEBASTIAN ROA</createdBy>
<createdTime>2020-04-05 23:43:48 UTC</createdTime>
<commentInRDBMS><![CDATA[codigo de las producciones academicas del grupo]]></commentInRDBMS>
<ownerDesignName>investigadores_gruposv2</ownerDesignName>
<engineerTo>
<item key="135B2A31-1B60-AB7A-48E1-BD1EC76DB788" value="true"/>
</engineerTo>
<useDomainConstraints>false</useDomainConstraints>
<use>1</use>
<logicalDatatype>LOGDT019</logicalDatatype>
<ownDataTypeParameters>,,</ownDataTypeParameters>
</Attribute>
<Attribute name="cod_grupo" id="CD9D82C1-96B8-A9A3-104D-DCF41E1F4901">
<createdBy>SEBASTIAN ROA</createdBy>
<createdTime>2020-04-05 23:45:03 UTC</createdTime>
<generatorID>5B7B1D9C-A756-AB7F-A125-9CD7D86C25B3</generatorID>
<ownerDesignName>investigadores_gruposv2</ownerDesignName>
<engineerTo>
<item key="135B2A31-1B60-AB7A-48E1-BD1EC76DB788" value="true"/>
</engineerTo>
<referedAttribute>DF012170-A962-6EA4-AC0E-0E60F5E3EBB8</referedAttribute>
<useDomainConstraints>false</useDomainConstraints>
<use>1</use>
<logicalDatatype>LOGDT019</logicalDatatype>
<ownDataTypeParameters>,,</ownDataTypeParameters>
</Attribute>
<Attribute name="cod_TipoProdACa" id="B1655968-90CF-6C1F-3CE7-554066534E4D">
<createdBy>SEBASTIAN ROA</createdBy>
<createdTime>2020-04-05 23:48:10 UTC</createdTime>
<generatorID>827684FF-206E-5C27-ACAD-5406AF93A291</generatorID>
<ownerDesignName>investigadores_gruposv2</ownerDesignName>
<engineerTo>
<item key="135B2A31-1B60-AB7A-48E1-BD1EC76DB788" value="true"/>
</engineerTo>
<referedAttribute>55C18ABD-7C4D-0C81-CCDD-068FD37BF0E0</referedAttribute>
<useDomainConstraints>false</useDomainConstraints>
<use>1</use>
<logicalDatatype>LOGDT019</logicalDatatype>
<ownDataTypeParameters>,,</ownDataTypeParameters>
</Attribute>
<Attribute name="Denominación" id="5D760620-2F64-6074-9642-9C690AA1BC0D">
<createdBy>SEBASTIAN ROA</createdBy>
<createdTime>2020-04-05 23:49:19 UTC</createdTime>
<commentInRDBMS><![CDATA[describe la denominacion que recibio la produccion ]]></commentInRDBMS>
<ownerDesignName>investigadores_gruposv2</ownerDesignName>
<engineerTo>
<item key="135B2A31-1B60-AB7A-48E1-BD1EC76DB788" value="true"/>
</engineerTo>
<nullsAllowed>true</nullsAllowed>
<useDomainConstraints>false</useDomainConstraints>
<use>1</use>
<logicalDatatype>LOGDT024</logicalDatatype>
<dataTypeSize>100</dataTypeSize>
<ownDataTypeParameters>100,,</ownDataTypeParameters>
</Attribute>
<Attribute name="Registro_MIN" id="2390A296-699F-224C-9372-DE0E9D7EFED2">
<createdBy>SEBASTIAN ROA</createdBy>
<createdTime>2020-04-05 23:50:02 UTC</createdTime>
<commentInRDBMS><![CDATA[contiene el Registro calificado MIN]]></commentInRDBMS>
<ownerDesignName>investigadores_gruposv2</ownerDesignName>
<engineerTo>
<item key="135B2A31-1B60-AB7A-48E1-BD1EC76DB788" value="true"/>
</engineerTo>
<nullsAllowed>true</nullsAllowed>
<useDomainConstraints>false</useDomainConstraints>
<use>1</use>
<logicalDatatype>LOGDT019</logicalDatatype>
<ownDataTypeParameters>,,</ownDataTypeParameters>
</Attribute>
<Attribute name="Registro_Acreditación" id="1562E5FE-EEFC-A3E9-5EF6-526D60FAB62F">
<createdBy>SEBASTIAN ROA</createdBy>
<createdTime>2020-04-05 23:50:41 UTC</createdTime>
<commentInRDBMS><![CDATA[indica al numero Registro Acreditación]]></commentInRDBMS>
<ownerDesignName>investigadores_gruposv2</ownerDesignName>
<engineerTo>
<item key="135B2A31-1B60-AB7A-48E1-BD1EC76DB788" value="true"/>
</engineerTo>
<nullsAllowed>true</nullsAllowed>
<useDomainConstraints>false</useDomainConstraints>
<use>1</use>
<logicalDatatype>LOGDT019</logicalDatatype>
<ownDataTypeParameters>,,</ownDataTypeParameters>
</Attribute>
<Attribute name="Fecha_PrierCorte" id="0EDE0CDE-F411-5106-1B0C-0B5BA35AFCF7">
<createdBy>SEBASTIAN ROA</createdBy>
<createdTime>2020-04-05 23:50:36 UTC</createdTime>
<commentInRDBMS><![CDATA[identifica la fecha del primer corte ]]></commentInRDBMS>
<ownerDesignName>investigadores_gruposv2</ownerDesignName>
<engineerTo>
<item key="135B2A31-1B60-AB7A-48E1-BD1EC76DB788" value="true"/>
</engineerTo>
<nullsAllowed>true</nullsAllowed>
<useDomainConstraints>false</useDomainConstraints>
<use>1</use>
<logicalDatatype>LOGDT007</logicalDatatype>
<ownDataTypeParameters>,,</ownDataTypeParameters>
</Attribute>
</attributes>
<identifiers itemClass="oracle.dbtools.crest.model.design.logical.CandidateKey">
<identifier id="62D20DF7-0C70-2056-7B97-1BE34FACB804" name="Producciones_Academicas PK">
<createdBy>SEBASTIAN ROA</createdBy>
<createdTime>2020-04-05 23:44:03 UTC</createdTime>
<ownerDesignName>investigadores_gruposv2</ownerDesignName>
<engineerTo>
<item key="135B2A31-1B60-AB7A-48E1-BD1EC76DB788" value="true"/>
</engineerTo>
<pk>true</pk>
<usedAttributes>
<attributeRef>FA93580D-2C70-7317-8C07-851DE789FFFE</attributeRef>
</usedAttributes>
</identifier>
</identifiers>
</Entity>