<?xml version = '1.0' encoding = 'UTF-8'?>
<Entity class="oracle.dbtools.crest.model.design.logical.Entity" directorySegmentName="seg_0" id="CD2FAE6A-924C-2792-79F3-12EEBC448E2C" name="Institucion">
<createdBy>SEBASTIAN ROA</createdBy>
<createdTime>2020-04-05 22:24:50 UTC</createdTime>
<ownerDesignName>investigadores_gruposv2</ownerDesignName>
<engineerTo>
<item key="135B2A31-1B60-AB7A-48E1-BD1EC76DB788" value="true"/>
</engineerTo>
<adequatelyNormalized>NO</adequatelyNormalized>
<expectedVolumes>0</expectedVolumes>
<fwdEngineeringStrategyName>Single Table</fwdEngineeringStrategyName>
<growthPercent>0</growthPercent>
<growthType>Year</growthType>
<maxVolumes>9999999</maxVolumes>
<minVolumes>0</minVolumes>
<normalForm>Third</normalForm>
<attributes itemClass="oracle.dbtools.crest.model.design.logical.Attribute">
<Attribute name="cod_institucion" id="9B7F2F57-D702-9EFF-DD98-C0039C01BBCF">
<createdBy>SEBASTIAN ROA</createdBy>
<createdTime>2020-04-05 22:25:01 UTC</createdTime>
<commentInRDBMS><![CDATA[codigo de la institucion educativa]]></commentInRDBMS>
<ownerDesignName>investigadores_gruposv2</ownerDesignName>
<engineerTo>
<item key="135B2A31-1B60-AB7A-48E1-BD1EC76DB788" value="true"/>
</engineerTo>
<useDomainConstraints>false</useDomainConstraints>
<use>1</use>
<logicalDatatype>LOGDT019</logicalDatatype>
<ownDataTypeParameters>,,</ownDataTypeParameters>
</Attribute>
<Attribute name="nombre de la institucion " id="4ACC98BE-974D-397D-CA24-5C11644178BF">
<createdBy>SEBASTIAN ROA</createdBy>
<createdTime>2020-04-05 22:28:22 UTC</createdTime>
<commentInRDBMS><![CDATA[nombre de loa institucion academica ]]></commentInRDBMS>
<ownerDesignName>investigadores_gruposv2</ownerDesignName>
<engineerTo>
<item key="135B2A31-1B60-AB7A-48E1-BD1EC76DB788" value="true"/>
</engineerTo>
<nullsAllowed>true</nullsAllowed>
<useDomainConstraints>false</useDomainConstraints>
<use>1</use>
<logicalDatatype>LOGDT024</logicalDatatype>
<dataTypeSize>100</dataTypeSize>
<ownDataTypeParameters>100,,</ownDataTypeParameters>
</Attribute>
<Attribute name="número_resolucion_MEN" id="CC4C3B75-C8FE-C921-60A1-FE0C37620DC0">
<createdBy>SEBASTIAN ROA</createdBy>
<createdTime>2020-04-05 22:28:49 UTC</createdTime>
<commentInRDBMS><![CDATA[numero de la número resolución MEN]]></commentInRDBMS>
<ownerDesignName>investigadores_gruposv2</ownerDesignName>
<engineerTo>
<item key="135B2A31-1B60-AB7A-48E1-BD1EC76DB788" value="true"/>
</engineerTo>
<nullsAllowed>true</nullsAllowed>
<useDomainConstraints>false</useDomainConstraints>
<use>1</use>
<logicalDatatype>LOGDT019</logicalDatatype>
<ownDataTypeParameters>,,</ownDataTypeParameters>
</Attribute>
<Attribute name="cod_histolab" id="84E7348E-6374-9CDC-8432-258886F7D835">
<createdBy>SEBASTIAN ROA</createdBy>
<createdTime>2020-04-05 22:49:47 UTC</createdTime>
<generatorID>B22C84E0-80D7-17C5-4982-46ED7B5D4DA7</generatorID>
<ownerDesignName>investigadores_gruposv2</ownerDesignName>
<engineerTo>
<item key="135B2A31-1B60-AB7A-48E1-BD1EC76DB788" value="true"/>
</engineerTo>
<referedAttribute>DF832262-AC36-1711-5924-3EDD6B4E20A6</referedAttribute>
<useDomainConstraints>false</useDomainConstraints>
<use>1</use>
<logicalDatatype>LOGDT019</logicalDatatype>
<ownDataTypeParameters>,,</ownDataTypeParameters>
</Attribute>
<Attribute name="Tipo_institucion" id="C0B5F247-1982-F0CF-C1B7-571E7D7DB032">
<createdBy>SEBASTIAN ROA</createdBy>
<createdTime>2020-04-05 22:50:11 UTC</createdTime>
<commentInRDBMS><![CDATA[tipo de institucion(publica, privado, mixta)]]></commentInRDBMS>
<ownerDesignName>investigadores_gruposv2</ownerDesignName>
<engineerTo>
<item key="135B2A31-1B60-AB7A-48E1-BD1EC76DB788" value="true"/>
</engineerTo>
<nullsAllowed>true</nullsAllowed>
<useDomainConstraints>false</useDomainConstraints>
<use>1</use>
<logicalDatatype>LOGDT006</logicalDatatype>
<dataTypeSize>3</dataTypeSize>
<ownDataTypeParameters>3,,</ownDataTypeParameters>
</Attribute>
<Attribute name="cod_grupo" id="552699A1-588E-F260-E041-0410539FCFCE">
<createdBy>SEBASTIAN ROA</createdBy>
<createdTime>2020-04-05 23:31:04 UTC</createdTime>
<generatorID>F3A417C3-9D0F-ED5A-1282-1E76994DC095</generatorID>
<ownerDesignName>investigadores_gruposv2</ownerDesignName>
<engineerTo>
<item key="135B2A31-1B60-AB7A-48E1-BD1EC76DB788" value="true"/>
</engineerTo>
<referedAttribute>DF012170-A962-6EA4-AC0E-0E60F5E3EBB8</referedAttribute>
<useDomainConstraints>false</useDomainConstraints>
<use>1</use>
<logicalDatatype>LOGDT019</logicalDatatype>
<ownDataTypeParameters>,,</ownDataTypeParameters>
</Attribute>
</attributes>
<identifiers itemClass="oracle.dbtools.crest.model.design.logical.CandidateKey">
<identifier id="CE7A73E0-CB3D-63B7-DB58-675B05B0516C" name="Institucion PK">
<createdBy>SEBASTIAN ROA</createdBy>
<createdTime>2020-04-05 22:25:12 UTC</createdTime>
<ownerDesignName>investigadores_gruposv2</ownerDesignName>
<engineerTo>
<item key="135B2A31-1B60-AB7A-48E1-BD1EC76DB788" value="true"/>
</engineerTo>
<pk>true</pk>
<usedAttributes>
<attributeRef>9B7F2F57-D702-9EFF-DD98-C0039C01BBCF</attributeRef>
</usedAttributes>
</identifier>
</identifiers>
</Entity>