<?xml version = '1.0' encoding = 'UTF-8'?>
<Entity class="oracle.dbtools.crest.model.design.logical.Entity" directorySegmentName="seg_0" id="D657B8F4-6450-BF12-AB0E-C3DA8BE662F2" name="Historial_Laboral">
<createdBy>SEBASTIAN ROA</createdBy>
<createdTime>2020-04-05 22:42:58 UTC</createdTime>
<ownerDesignName>investigadores_gruposv2</ownerDesignName>
<engineerTo>
<item key="135B2A31-1B60-AB7A-48E1-BD1EC76DB788" value="true"/>
</engineerTo>
<adequatelyNormalized>NO</adequatelyNormalized>
<expectedVolumes>0</expectedVolumes>
<fwdEngineeringStrategyName>Single Table</fwdEngineeringStrategyName>
<growthPercent>0</growthPercent>
<growthType>Year</growthType>
<maxVolumes>9999999</maxVolumes>
<minVolumes>0</minVolumes>
<normalForm>Third</normalForm>
<attributes itemClass="oracle.dbtools.crest.model.design.logical.Attribute">
<Attribute name="cod_histolab" id="DF832262-AC36-1711-5924-3EDD6B4E20A6">
<createdBy>SEBASTIAN ROA</createdBy>
<createdTime>2020-04-05 22:43:11 UTC</createdTime>
<commentInRDBMS><![CDATA[codigo de la historia laboral del investigador
]]></commentInRDBMS>
<ownerDesignName>investigadores_gruposv2</ownerDesignName>
<engineerTo>
<item key="135B2A31-1B60-AB7A-48E1-BD1EC76DB788" value="true"/>
</engineerTo>
<useDomainConstraints>false</useDomainConstraints>
<use>1</use>
<logicalDatatype>LOGDT019</logicalDatatype>
<ownDataTypeParameters>,,</ownDataTypeParameters>
</Attribute>
<Attribute name="cod_id" id="FCE81AE1-8FFB-5CD9-C248-6607179B5EB3">
<createdBy>SEBASTIAN ROA</createdBy>
<createdTime>2020-04-05 22:48:21 UTC</createdTime>
<generatorID>256CE24D-B68B-6024-A603-4468C01A975B</generatorID>
<ownerDesignName>investigadores_gruposv2</ownerDesignName>
<engineerTo>
<item key="135B2A31-1B60-AB7A-48E1-BD1EC76DB788" value="true"/>
</engineerTo>
<referedAttribute>86C07E09-691E-0F42-2038-21EF2AEB0AE1</referedAttribute>
<useDomainConstraints>false</useDomainConstraints>
<use>1</use>
<logicalDatatype>LOGDT019</logicalDatatype>
<ownDataTypeParameters>,,</ownDataTypeParameters>
</Attribute>
<Attribute name="Fecha_inicio" id="967A523D-5E55-7792-483F-F8BFEDE11846">
<createdBy>SEBASTIAN ROA</createdBy>
<createdTime>2020-04-05 22:51:05 UTC</createdTime>
<commentInRDBMS><![CDATA[fecha de inicio en la institucion ]]></commentInRDBMS>
<ownerDesignName>investigadores_gruposv2</ownerDesignName>
<engineerTo>
<item key="135B2A31-1B60-AB7A-48E1-BD1EC76DB788" value="true"/>
</engineerTo>
<nullsAllowed>true</nullsAllowed>
<useDomainConstraints>false</useDomainConstraints>
<use>1</use>
<logicalDatatype>LOGDT007</logicalDatatype>
<ownDataTypeParameters>,,</ownDataTypeParameters>
</Attribute>
<Attribute name="Fecha_Terminacion" id="EEBF4B48-A16F-B351-31F1-EA30FE0E16CC">
<createdBy>SEBASTIAN ROA</createdBy>
<createdTime>2020-04-05 22:51:35 UTC</createdTime>
<commentInRDBMS><![CDATA[fecha en la que dejo de trabajar en la institucion ]]></commentInRDBMS>
<ownerDesignName>investigadores_gruposv2</ownerDesignName>
<engineerTo>
<item key="135B2A31-1B60-AB7A-48E1-BD1EC76DB788" value="true"/>
</engineerTo>
<nullsAllowed>true</nullsAllowed>
<useDomainConstraints>false</useDomainConstraints>
<use>1</use>
<logicalDatatype>LOGDT007</logicalDatatype>
<ownDataTypeParameters>,,</ownDataTypeParameters>
</Attribute>
</attributes>
<identifiers itemClass="oracle.dbtools.crest.model.design.logical.CandidateKey">
<identifier id="7D4858FF-A795-1E38-00C2-A82C3DCADFA9" name="Historial_Laboral PK">
<createdBy>SEBASTIAN ROA</createdBy>
<createdTime>2020-04-05 22:43:23 UTC</createdTime>
<ownerDesignName>investigadores_gruposv2</ownerDesignName>
<engineerTo>
<item key="135B2A31-1B60-AB7A-48E1-BD1EC76DB788" value="true"/>
</engineerTo>
<pk>true</pk>
<usedAttributes>
<attributeRef>DF832262-AC36-1711-5924-3EDD6B4E20A6</attributeRef>
</usedAttributes>
</identifier>
</identifiers>
</Entity>