<?xml version = '1.0' encoding = 'UTF-8'?>
<Entity class="oracle.dbtools.crest.model.design.logical.Entity" directorySegmentName="seg_0" id="DA051DEB-75B8-7689-4A40-ABE745391197" name="Tipo_Produccion ">
<createdBy>SEBASTIAN ROA</createdBy>
<createdTime>2020-04-05 23:45:33 UTC</createdTime>
<ownerDesignName>investigadores_gruposv2</ownerDesignName>
<engineerTo>
<item key="135B2A31-1B60-AB7A-48E1-BD1EC76DB788" value="true"/>
</engineerTo>
<adequatelyNormalized>NO</adequatelyNormalized>
<expectedVolumes>0</expectedVolumes>
<fwdEngineeringStrategyName>Single Table</fwdEngineeringStrategyName>
<growthPercent>0</growthPercent>
<growthType>Year</growthType>
<maxVolumes>9999999</maxVolumes>
<minVolumes>0</minVolumes>
<normalForm>Third</normalForm>
<attributes itemClass="oracle.dbtools.crest.model.design.logical.Attribute">
<Attribute name="cod_TipoProdACa" id="55C18ABD-7C4D-0C81-CCDD-068FD37BF0E0">
<createdBy>SEBASTIAN ROA</createdBy>
<createdTime>2020-04-05 23:45:45 UTC</createdTime>
<commentInRDBMS><![CDATA[codigo del tipo de produccion academica generada por el grupo de investigacion 
]]></commentInRDBMS>
<ownerDesignName>investigadores_gruposv2</ownerDesignName>
<engineerTo>
<item key="135B2A31-1B60-AB7A-48E1-BD1EC76DB788" value="true"/>
</engineerTo>
<useDomainConstraints>false</useDomainConstraints>
<use>1</use>
<logicalDatatype>LOGDT019</logicalDatatype>
<ownDataTypeParameters>,,</ownDataTypeParameters>
</Attribute>
<Attribute name="Tipo_Produccion " id="ABA56F0F-D26A-7C6F-A4D6-45B71D6488BD">
<createdBy>SEBASTIAN ROA</createdBy>
<createdTime>2020-04-05 23:46:48 UTC</createdTime>
<commentInRDBMS><![CDATA[identifica elk tipo de produccion realizada]]></commentInRDBMS>
<ownerDesignName>investigadores_gruposv2</ownerDesignName>
<engineerTo>
<item key="135B2A31-1B60-AB7A-48E1-BD1EC76DB788" value="true"/>
</engineerTo>
<nullsAllowed>true</nullsAllowed>
<useDomainConstraints>false</useDomainConstraints>
<use>1</use>
<logicalDatatype>LOGDT024</logicalDatatype>
<dataTypeSize>100</dataTypeSize>
<ownDataTypeParameters>100,,</ownDataTypeParameters>
</Attribute>
<Attribute name="Descripcion " id="96195345-1D21-95DB-A21B-649D28B24C87">
<createdBy>SEBASTIAN ROA</createdBy>
<createdTime>2020-04-05 23:47:18 UTC</createdTime>
<commentInRDBMS><![CDATA[describe el tipo de produccion elaborado
]]></commentInRDBMS>
<ownerDesignName>investigadores_gruposv2</ownerDesignName>
<engineerTo>
<item key="135B2A31-1B60-AB7A-48E1-BD1EC76DB788" value="true"/>
</engineerTo>
<nullsAllowed>true</nullsAllowed>
<useDomainConstraints>false</useDomainConstraints>
<use>1</use>
<logicalDatatype>LOGDT024</logicalDatatype>
<dataTypeSize>1000</dataTypeSize>
<ownDataTypeParameters>1000,,</ownDataTypeParameters>
</Attribute>
</attributes>
<identifiers itemClass="oracle.dbtools.crest.model.design.logical.CandidateKey">
<identifier id="00DF6057-595D-BD93-57D1-CB1002110B7C" name="Tipo_Produccion PK">
<createdBy>SEBASTIAN ROA</createdBy>
<createdTime>2020-04-05 23:46:24 UTC</createdTime>
<ownerDesignName>investigadores_gruposv2</ownerDesignName>
<engineerTo>
<item key="135B2A31-1B60-AB7A-48E1-BD1EC76DB788" value="true"/>
</engineerTo>
<pk>true</pk>
<usedAttributes>
<attributeRef>55C18ABD-7C4D-0C81-CCDD-068FD37BF0E0</attributeRef>
</usedAttributes>
</identifier>
</identifiers>
</Entity>