<?xml version = '1.0' encoding = 'UTF-8'?>
<Entity class="oracle.dbtools.crest.model.design.logical.Entity" directorySegmentName="seg_0" id="F6E942E7-9DBD-77B1-69AA-9BEAC8961BA1" name="lireta_militar">
<createdBy>SEBASTIAN ROA</createdBy>
<createdTime>2020-04-05 21:50:49 UTC</createdTime>
<ownerDesignName>investigadores_gruposv2</ownerDesignName>
<engineerTo>
<item key="135B2A31-1B60-AB7A-48E1-BD1EC76DB788" value="true"/>
</engineerTo>
<adequatelyNormalized>NO</adequatelyNormalized>
<expectedVolumes>0</expectedVolumes>
<fwdEngineeringStrategyName>Single Table</fwdEngineeringStrategyName>
<growthPercent>0</growthPercent>
<growthType>Year</growthType>
<maxVolumes>9999999</maxVolumes>
<minVolumes>0</minVolumes>
<normalForm>Third</normalForm>
<attributes itemClass="oracle.dbtools.crest.model.design.logical.Attribute">
<Attribute name="cod_libreta" id="D917379B-7AB9-DA12-5BFB-1EA4D542F502">
<createdBy>SEBASTIAN ROA</createdBy>
<createdTime>2020-04-05 21:51:03 UTC</createdTime>
<commentInRDBMS><![CDATA[codigo con el que se identifica la libreta 
]]></commentInRDBMS>
<ownerDesignName>investigadores_gruposv2</ownerDesignName>
<engineerTo>
<item key="135B2A31-1B60-AB7A-48E1-BD1EC76DB788" value="true"/>
</engineerTo>
<useDomainConstraints>false</useDomainConstraints>
<use>1</use>
<logicalDatatype>LOGDT019</logicalDatatype>
<ownDataTypeParameters>,,</ownDataTypeParameters>
</Attribute>
<Attribute name="cod_id" id="4073E488-18CE-17D0-A928-20AFA04FD751">
<createdBy>SEBASTIAN ROA</createdBy>
<createdTime>2020-04-05 21:59:53 UTC</createdTime>
<generatorID>D5566F28-2DC3-8ACB-5894-50C7E916E24F</generatorID>
<ownerDesignName>investigadores_gruposv2</ownerDesignName>
<engineerTo>
<item key="135B2A31-1B60-AB7A-48E1-BD1EC76DB788" value="true"/>
</engineerTo>
<referedAttribute>86C07E09-691E-0F42-2038-21EF2AEB0AE1</referedAttribute>
<useDomainConstraints>false</useDomainConstraints>
<use>1</use>
<logicalDatatype>LOGDT019</logicalDatatype>
<ownDataTypeParameters>,,</ownDataTypeParameters>
</Attribute>
<Attribute name="Num_libreta" id="8C69F822-5546-E2B7-25BD-D7554B40435D">
<createdBy>SEBASTIAN ROA</createdBy>
<createdTime>2020-04-05 22:10:35 UTC</createdTime>
<commentInRDBMS><![CDATA[numero de la libreta militar del investigador]]></commentInRDBMS>
<ownerDesignName>investigadores_gruposv2</ownerDesignName>
<engineerTo>
<item key="135B2A31-1B60-AB7A-48E1-BD1EC76DB788" value="true"/>
</engineerTo>
<nullsAllowed>true</nullsAllowed>
<useDomainConstraints>false</useDomainConstraints>
<use>1</use>
<logicalDatatype>LOGDT019</logicalDatatype>
<ownDataTypeParameters>,,</ownDataTypeParameters>
</Attribute>
<Attribute name="Clase_libreta " id="15515A02-849B-C966-E675-6113B5A8E03B">
<createdBy>SEBASTIAN ROA</createdBy>
<createdTime>2020-04-05 22:11:05 UTC</createdTime>
<commentInRDBMS><![CDATA[cose de la libreta militar ]]></commentInRDBMS>
<ownerDesignName>investigadores_gruposv2</ownerDesignName>
<engineerTo>
<item key="135B2A31-1B60-AB7A-48E1-BD1EC76DB788" value="true"/>
</engineerTo>
<nullsAllowed>true</nullsAllowed>
<useDomainConstraints>false</useDomainConstraints>
<use>1</use>
<logicalDatatype>LOGDT006</logicalDatatype>
<dataTypeSize>2</dataTypeSize>
<ownDataTypeParameters>2,,</ownDataTypeParameters>
</Attribute>
</attributes>
<identifiers itemClass="oracle.dbtools.crest.model.design.logical.CandidateKey">
<identifier id="08FCC2F1-A3AA-1F5A-763F-179C28D72806" name="lireta_militar PK">
<createdBy>SEBASTIAN ROA</createdBy>
<createdTime>2020-04-05 21:51:16 UTC</createdTime>
<ownerDesignName>investigadores_gruposv2</ownerDesignName>
<engineerTo>
<item key="135B2A31-1B60-AB7A-48E1-BD1EC76DB788" value="true"/>
</engineerTo>
<pk>true</pk>
<usedAttributes>
<attributeRef>D917379B-7AB9-DA12-5BFB-1EA4D542F502</attributeRef>
<attributeRef>4073E488-18CE-17D0-A928-20AFA04FD751</attributeRef>
</usedAttributes>
</identifier>
</identifiers>
</Entity>