<?xml version = '1.0' encoding = 'UTF-8'?>
<Relation class="oracle.dbtools.crest.model.design.logical.Relation" name="ProduccionSemillero_Autores" directorySegmentName="seg_0" id="0A2DE492-0813-7414-BA5C-F3259779CDFE">
<createdBy>SEBASTIAN ROA</createdBy>
<createdTime>2020-04-06 00:09:05 UTC</createdTime>
<ownerDesignName>investigadores_gruposv2</ownerDesignName>
<engineerTo>
<item key="135B2A31-1B60-AB7A-48E1-BD1EC76DB788" value="true"/>
</engineerTo>
<identifying>false</identifying>
<optionalSource>true</optionalSource>
<optionalTarget>false</optionalTarget>
<sourceCardinality>1</sourceCardinality>
<sourceEntity>70C495EB-C4ED-E31E-A345-CC435C9A79CD</sourceEntity>
<targetCardinalityString>*</targetCardinalityString>
<targetEntity>0D3A3DF5-9855-88CD-5977-B8CADC3D979D</targetEntity>
<transferable>true</transferable>
<deleteRule>NO ACTION</deleteRule>
</Relation>