<?xml version = '1.0' encoding = 'UTF-8'?>
<Relation class="oracle.dbtools.crest.model.design.logical.Relation" name="Identificacion_correo" directorySegmentName="seg_0" id="0EC26E67-F902-BE76-F267-2072F107F4CF">
<createdBy>SEBASTIAN ROA</createdBy>
<createdTime>2020-04-05 21:59:38 UTC</createdTime>
<ownerDesignName>investigadores_gruposv2</ownerDesignName>
<engineerTo>
<item key="135B2A31-1B60-AB7A-48E1-BD1EC76DB788" value="true"/>
</engineerTo>
<sourcePk>92DDE341-3A11-7AEF-D698-DAB47FBD2C2F</sourcePk>
<identifying>false</identifying>
<optionalSource>true</optionalSource>
<optionalTarget>false</optionalTarget>
<sourceCardinality>1</sourceCardinality>
<sourceEntity>9A9FDAF4-20E9-6062-4328-5E4206919C30</sourceEntity>
<targetCardinalityString>*</targetCardinalityString>
<targetEntity>3420B586-7147-3508-45BA-4BF5B9B07A41</targetEntity>
<transferable>true</transferable>
<deleteRule>NO ACTION</deleteRule>
</Relation>