<?xml version = '1.0' encoding = 'UTF-8'?>
<Relation class="oracle.dbtools.crest.model.design.logical.Relation" name="InvestigadoresGrupo_Dedicacion" directorySegmentName="seg_0" id="22498B29-FC9D-C9C0-262E-5A2A6707CEB1">
<createdBy>SEBASTIAN ROA</createdBy>
<createdTime>2020-04-05 23:37:56 UTC</createdTime>
<ownerDesignName>investigadores_gruposv2</ownerDesignName>
<engineerTo>
<item key="135B2A31-1B60-AB7A-48E1-BD1EC76DB788" value="true"/>
</engineerTo>
<sourcePk>09BD20CB-84B3-8069-4069-F80FFF0D4873</sourcePk>
<identifying>false</identifying>
<optionalSource>true</optionalSource>
<optionalTarget>false</optionalTarget>
<sourceCardinality>1</sourceCardinality>
<sourceEntity>1A4D2D04-DFF0-8E27-B533-473EDEC784CA</sourceEntity>
<targetCardinalityString>*</targetCardinalityString>
<targetEntity>B664ED7E-2AF1-42DC-558E-24881E579BDB</targetEntity>
<transferable>true</transferable>
<deleteRule>NO ACTION</deleteRule>
</Relation>