<?xml version = '1.0' encoding = 'UTF-8'?>
<Relation class="oracle.dbtools.crest.model.design.logical.Relation" name="HistorialAcademico_LineaInvestigacion" directorySegmentName="seg_0" id="25DA3237-4C81-1B1F-98CE-CF2D2BD81DAB">
<createdBy>SEBASTIAN ROA</createdBy>
<createdTime>2020-04-05 22:40:42 UTC</createdTime>
<ownerDesignName>investigadores_gruposv2</ownerDesignName>
<engineerTo>
<item key="135B2A31-1B60-AB7A-48E1-BD1EC76DB788" value="true"/>
</engineerTo>
<sourcePk>DC2BBB10-2F4F-25D1-E501-49D2B1CF1D61</sourcePk>
<identifying>false</identifying>
<optionalSource>true</optionalSource>
<optionalTarget>false</optionalTarget>
<sourceCardinality>1</sourceCardinality>
<sourceEntity>8C9B0B70-A971-F929-71EE-0E5F0FD6CB8C</sourceEntity>
<targetCardinalityString>*</targetCardinalityString>
<targetEntity>04788302-80C9-423F-F533-84FC8EFF2B3B</targetEntity>
<transferable>true</transferable>
<deleteRule>NO ACTION</deleteRule>
</Relation>