<?xml version = '1.0' encoding = 'UTF-8'?>
<Relation class="oracle.dbtools.crest.model.design.logical.Relation" name="Trabajos_LinesInvestigacion" directorySegmentName="seg_0" id="2B378E3C-3FCF-160C-B112-B891DFA23032">
<createdBy>SEBASTIAN ROA</createdBy>
<createdTime>2020-04-05 23:11:23 UTC</createdTime>
<ownerDesignName>investigadores_gruposv2</ownerDesignName>
<engineerTo>
<item key="135B2A31-1B60-AB7A-48E1-BD1EC76DB788" value="true"/>
</engineerTo>
<sourcePk>7F9C88E1-7EF3-BFA6-B2AC-2B9F89FB11B9</sourcePk>
<identifying>false</identifying>
<optionalSource>true</optionalSource>
<optionalTarget>false</optionalTarget>
<sourceCardinality>1</sourceCardinality>
<sourceEntity>7A46C5C5-410F-0E82-F554-3EFAEE30434C</sourceEntity>
<targetCardinalityString>*</targetCardinalityString>
<targetEntity>04788302-80C9-423F-F533-84FC8EFF2B3B</targetEntity>
<transferable>true</transferable>
<deleteRule>NO ACTION</deleteRule>
</Relation>