<?xml version = '1.0' encoding = 'UTF-8'?>
<Relation class="oracle.dbtools.crest.model.design.logical.Relation" name="jurado_corre" directorySegmentName="seg_0" id="390A7002-A0B0-DFBC-84AF-873F1DF79808">
<createdBy>SEBASTIAN ROA</createdBy>
<createdTime>2020-04-05 22:38:03 UTC</createdTime>
<ownerDesignName>investigadores_gruposv2</ownerDesignName>
<engineerTo>
<item key="135B2A31-1B60-AB7A-48E1-BD1EC76DB788" value="true"/>
</engineerTo>
<sourcePk>B5B48382-3DE6-43E4-321A-A212C587C9EC</sourcePk>
<identifying>false</identifying>
<optionalSource>true</optionalSource>
<optionalTarget>false</optionalTarget>
<sourceCardinality>1</sourceCardinality>
<sourceEntity>9C74F473-54F3-479E-7A5B-6FF3DA04B8DC</sourceEntity>
<targetCardinalityString>*</targetCardinalityString>
<targetEntity>3420B586-7147-3508-45BA-4BF5B9B07A41</targetEntity>
<transferable>true</transferable>
<deleteRule>NO ACTION</deleteRule>
</Relation>