<?xml version = '1.0' encoding = 'UTF-8'?>
<Relation class="oracle.dbtools.crest.model.design.logical.Relation" name="Grupo_Semilleros" directorySegmentName="seg_0" id="3B4CBD41-2AD0-0434-08F3-ACEC11BDEF79">
<createdBy>SEBASTIAN ROA</createdBy>
<createdTime>2020-04-05 23:56:24 UTC</createdTime>
<ownerDesignName>investigadores_gruposv2</ownerDesignName>
<engineerTo>
<item key="135B2A31-1B60-AB7A-48E1-BD1EC76DB788" value="true"/>
</engineerTo>
<sourcePk>CE3A6DCB-D7E5-11D9-C4CD-091B2F817C94</sourcePk>
<identifying>false</identifying>
<optionalSource>true</optionalSource>
<optionalTarget>false</optionalTarget>
<sourceCardinality>1</sourceCardinality>
<sourceEntity>55991A4A-ABAB-A564-746E-DF097527FB18</sourceEntity>
<targetCardinalityString>*</targetCardinalityString>
<targetEntity>BCFEB334-5B7F-C52B-5B1E-207309D620E8</targetEntity>
<transferable>true</transferable>
<deleteRule>NO ACTION</deleteRule>
</Relation>