<?xml version = '1.0' encoding = 'UTF-8'?>
<Relation class="oracle.dbtools.crest.model.design.logical.Relation" name="Coferencia_Pais" directorySegmentName="seg_0" id="4051CEBC-7B08-6DED-CA0E-EFE40B6A6B9D">
<createdBy>SEBASTIAN ROA</createdBy>
<createdTime>2020-04-05 23:41:00 UTC</createdTime>
<ownerDesignName>investigadores_gruposv2</ownerDesignName>
<engineerTo>
<item key="135B2A31-1B60-AB7A-48E1-BD1EC76DB788" value="true"/>
</engineerTo>
<identifying>false</identifying>
<optionalSource>true</optionalSource>
<optionalTarget>false</optionalTarget>
<sourceCardinality>1</sourceCardinality>
<sourceEntity>C0D906FF-1387-6647-CA1D-9617DCF5D2E2</sourceEntity>
<targetCardinalityString>*</targetCardinalityString>
<targetEntity>035582D5-659F-DD62-5E4C-620218B78A83</targetEntity>
<transferable>true</transferable>
<deleteRule>NO ACTION</deleteRule>
</Relation>