<?xml version = '1.0' encoding = 'UTF-8'?>
<Relation class="oracle.dbtools.crest.model.design.logical.Relation" name="HistoriaLabroral_AsignaturasImpartias" directorySegmentName="seg_0" id="4F642D92-BCF3-72B5-3285-1BBD9323E8D9">
<createdBy>SEBASTIAN ROA</createdBy>
<createdTime>2020-04-05 22:54:38 UTC</createdTime>
<ownerDesignName>investigadores_gruposv2</ownerDesignName>
<engineerTo>
<item key="135B2A31-1B60-AB7A-48E1-BD1EC76DB788" value="true"/>
</engineerTo>
<sourcePk>7D4858FF-A795-1E38-00C2-A82C3DCADFA9</sourcePk>
<identifying>false</identifying>
<optionalSource>true</optionalSource>
<optionalTarget>false</optionalTarget>
<sourceCardinality>1</sourceCardinality>
<sourceEntity>D657B8F4-6450-BF12-AB0E-C3DA8BE662F2</sourceEntity>
<targetCardinalityString>*</targetCardinalityString>
<targetEntity>8DB23EBB-C6C9-B4DF-CFEE-4679A2D66EF2</targetEntity>
<transferable>true</transferable>
<deleteRule>NO ACTION</deleteRule>
</Relation>