<?xml version = '1.0' encoding = 'UTF-8'?>
<Relation class="oracle.dbtools.crest.model.design.logical.Relation" name="trabajos_TipoTrabajo" directorySegmentName="seg_0" id="5CA80E98-4575-51A8-1CD4-8A7E05853A0C">
<createdBy>SEBASTIAN ROA</createdBy>
<createdTime>2020-04-05 23:20:21 UTC</createdTime>
<ownerDesignName>investigadores_gruposv2</ownerDesignName>
<engineerTo>
<item key="135B2A31-1B60-AB7A-48E1-BD1EC76DB788" value="true"/>
</engineerTo>
<sourcePk>7F9C88E1-7EF3-BFA6-B2AC-2B9F89FB11B9</sourcePk>
<identifying>false</identifying>
<optionalSource>true</optionalSource>
<optionalTarget>false</optionalTarget>
<sourceCardinality>1</sourceCardinality>
<sourceEntity>7A46C5C5-410F-0E82-F554-3EFAEE30434C</sourceEntity>
<targetCardinalityString>1</targetCardinalityString>
<targetEntity>A3FCE31E-04E9-BF86-70B2-8F978F64AD8B</targetEntity>
<transferable>true</transferable>
<deleteRule>NO ACTION</deleteRule>
</Relation>