<?xml version = '1.0' encoding = 'UTF-8'?>
<Relation class="oracle.dbtools.crest.model.design.logical.Relation" name="Producciones_Autores" directorySegmentName="seg_0" id="66096C6E-09D1-2926-F6B0-214F19EFF23E">
<createdBy>SEBASTIAN ROA</createdBy>
<createdTime>2020-04-05 23:15:31 UTC</createdTime>
<ownerDesignName>investigadores_gruposv2</ownerDesignName>
<engineerTo>
<item key="135B2A31-1B60-AB7A-48E1-BD1EC76DB788" value="true"/>
</engineerTo>
<sourcePk>F834A1B4-42A9-432F-96D2-1C3E5B47C0CE</sourcePk>
<identifying>false</identifying>
<optionalSource>true</optionalSource>
<optionalTarget>false</optionalTarget>
<sourceCardinality>1</sourceCardinality>
<sourceEntity>AC823A4B-FA9C-7627-AEC0-A573ED37102D</sourceEntity>
<targetCardinalityString>*</targetCardinalityString>
<targetEntity>7A46C5C5-410F-0E82-F554-3EFAEE30434C</targetEntity>
<transferable>true</transferable>
<deleteRule>NO ACTION</deleteRule>
</Relation>