<?xml version = '1.0' encoding = 'UTF-8'?>
<Relation class="oracle.dbtools.crest.model.design.logical.Relation" name="Semillero_institucion " directorySegmentName="seg_0" id="81D6271E-052E-58AE-B94B-235C0652F7CD">
<createdBy>SEBASTIAN ROA</createdBy>
<createdTime>2020-04-05 23:59:33 UTC</createdTime>
<ownerDesignName>investigadores_gruposv2</ownerDesignName>
<engineerTo>
<item key="135B2A31-1B60-AB7A-48E1-BD1EC76DB788" value="true"/>
</engineerTo>
<identifying>false</identifying>
<optionalSource>true</optionalSource>
<optionalTarget>false</optionalTarget>
<sourceCardinality>1</sourceCardinality>
<sourceEntity>BCFEB334-5B7F-C52B-5B1E-207309D620E8</sourceEntity>
<targetCardinalityString>*</targetCardinalityString>
<targetEntity>CD2FAE6A-924C-2792-79F3-12EEBC448E2C</targetEntity>
<transferable>true</transferable>
<deleteRule>NO ACTION</deleteRule>
</Relation>