<?xml version = '1.0' encoding = 'UTF-8'?>
<Relation class="oracle.dbtools.crest.model.design.logical.Relation" name="TipoProduccion_ProduccionesAcademicas" directorySegmentName="seg_0" id="827684FF-206E-5C27-ACAD-5406AF93A291">
<createdBy>SEBASTIAN ROA</createdBy>
<createdTime>2020-04-05 23:48:10 UTC</createdTime>
<ownerDesignName>investigadores_gruposv2</ownerDesignName>
<engineerTo>
<item key="135B2A31-1B60-AB7A-48E1-BD1EC76DB788" value="true"/>
</engineerTo>
<sourcePk>00DF6057-595D-BD93-57D1-CB1002110B7C</sourcePk>
<identifying>false</identifying>
<optionalSource>true</optionalSource>
<optionalTarget>false</optionalTarget>
<sourceCardinality>1</sourceCardinality>
<sourceEntity>DA051DEB-75B8-7689-4A40-ABE745391197</sourceEntity>
<targetCardinalityString>*</targetCardinalityString>
<targetEntity>CD144357-BE60-E691-40B1-824E77FEBE66</targetEntity>
<transferable>true</transferable>
<deleteRule>NO ACTION</deleteRule>
</Relation>