<?xml version = '1.0' encoding = 'UTF-8'?>
<Relation class="oracle.dbtools.crest.model.design.logical.Relation" name="Identificacion_Actividades" directorySegmentName="seg_0" id="972B4BD0-FD15-D38E-B035-D37B6CA4DCBC">
<createdBy>SEBASTIAN ROA</createdBy>
<createdTime>2020-04-05 23:11:42 UTC</createdTime>
<ownerDesignName>investigadores_gruposv2</ownerDesignName>
<engineerTo>
<item key="135B2A31-1B60-AB7A-48E1-BD1EC76DB788" value="true"/>
</engineerTo>
<sourcePk>92DDE341-3A11-7AEF-D698-DAB47FBD2C2F</sourcePk>
<identifying>false</identifying>
<optionalSource>true</optionalSource>
<optionalTarget>false</optionalTarget>
<sourceCardinality>1</sourceCardinality>
<sourceEntity>9A9FDAF4-20E9-6062-4328-5E4206919C30</sourceEntity>
<targetCardinalityString>*</targetCardinalityString>
<targetEntity>791F07B4-8CBE-9449-2AEB-37E30E379F77</targetEntity>
<transferable>true</transferable>
<deleteRule>NO ACTION</deleteRule>
</Relation>