<?xml version = '1.0' encoding = 'UTF-8'?>
<Relation class="oracle.dbtools.crest.model.design.logical.Relation" name="Semillero_LineaInvestigacion" directorySegmentName="seg_0" id="A478964D-0EAF-A252-A9E7-0BC585F0016E">
<createdBy>SEBASTIAN ROA</createdBy>
<createdTime>2020-04-06 00:02:07 UTC</createdTime>
<ownerDesignName>investigadores_gruposv2</ownerDesignName>
<engineerTo>
<item key="135B2A31-1B60-AB7A-48E1-BD1EC76DB788" value="true"/>
</engineerTo>
<identifying>false</identifying>
<optionalSource>true</optionalSource>
<optionalTarget>false</optionalTarget>
<sourceCardinality>1</sourceCardinality>
<sourceEntity>BCFEB334-5B7F-C52B-5B1E-207309D620E8</sourceEntity>
<targetCardinalityString>*</targetCardinalityString>
<targetEntity>04788302-80C9-423F-F533-84FC8EFF2B3B</targetEntity>
<transferable>true</transferable>
<deleteRule>NO ACTION</deleteRule>
</Relation>