<?xml version = '1.0' encoding = 'UTF-8'?>
<Relation class="oracle.dbtools.crest.model.design.logical.Relation" name="grupo_IdentificacionGrupo" directorySegmentName="seg_0" id="AEEB3D47-8C50-7644-98C9-D69A77917DFA">
<createdBy>SEBASTIAN ROA</createdBy>
<createdTime>2020-04-05 22:18:55 UTC</createdTime>
<ownerDesignName>investigadores_gruposv2</ownerDesignName>
<engineerTo>
<item key="135B2A31-1B60-AB7A-48E1-BD1EC76DB788" value="true"/>
</engineerTo>
<sourcePk>CE3A6DCB-D7E5-11D9-C4CD-091B2F817C94</sourcePk>
<identifying>false</identifying>
<optionalSource>true</optionalSource>
<optionalTarget>false</optionalTarget>
<sourceCardinality>1</sourceCardinality>
<sourceEntity>55991A4A-ABAB-A564-746E-DF097527FB18</sourceEntity>
<targetCardinalityString>*</targetCardinalityString>
<targetEntity>1A4D2D04-DFF0-8E27-B533-473EDEC784CA</targetEntity>
<transferable>true</transferable>
<deleteRule>NO ACTION</deleteRule>
</Relation>