<?xml version = '1.0' encoding = 'UTF-8'?>
<Relation class="oracle.dbtools.crest.model.design.logical.Relation" name="HistorialLaboral_Institucion" directorySegmentName="seg_0" id="B22C84E0-80D7-17C5-4982-46ED7B5D4DA7">
<createdBy>SEBASTIAN ROA</createdBy>
<createdTime>2020-04-05 22:49:47 UTC</createdTime>
<ownerDesignName>investigadores_gruposv2</ownerDesignName>
<engineerTo>
<item key="135B2A31-1B60-AB7A-48E1-BD1EC76DB788" value="true"/>
</engineerTo>
<sourcePk>7D4858FF-A795-1E38-00C2-A82C3DCADFA9</sourcePk>
<identifying>false</identifying>
<optionalSource>true</optionalSource>
<optionalTarget>false</optionalTarget>
<sourceCardinality>1</sourceCardinality>
<sourceEntity>D657B8F4-6450-BF12-AB0E-C3DA8BE662F2</sourceEntity>
<targetCardinalityString>*</targetCardinalityString>
<targetEntity>CD2FAE6A-924C-2792-79F3-12EEBC448E2C</targetEntity>
<transferable>true</transferable>
<deleteRule>NO ACTION</deleteRule>
</Relation>