<?xml version = '1.0' encoding = 'UTF-8'?>
<Relation class="oracle.dbtools.crest.model.design.logical.Relation" name="Semillero_ProduccionesSemillero" directorySegmentName="seg_0" id="B9962B68-D844-6BB0-BD35-02B21DCE4844">
<createdBy>SEBASTIAN ROA</createdBy>
<createdTime>2020-04-06 00:09:30 UTC</createdTime>
<ownerDesignName>investigadores_gruposv2</ownerDesignName>
<engineerTo>
<item key="135B2A31-1B60-AB7A-48E1-BD1EC76DB788" value="true"/>
</engineerTo>
<identifying>false</identifying>
<optionalSource>true</optionalSource>
<optionalTarget>false</optionalTarget>
<sourceCardinality>1</sourceCardinality>
<sourceEntity>BCFEB334-5B7F-C52B-5B1E-207309D620E8</sourceEntity>
<targetCardinalityString>*</targetCardinalityString>
<targetEntity>70C495EB-C4ED-E31E-A345-CC435C9A79CD</targetEntity>
<transferable>true</transferable>
<deleteRule>NO ACTION</deleteRule>
</Relation>