<?xml version = '1.0' encoding = 'UTF-8'?>
<Relation class="oracle.dbtools.crest.model.design.logical.Relation" name="Institucion_HistorialAcademico" directorySegmentName="seg_0" id="C80A6B73-944D-E846-E526-59CF1CFAA490">
<createdBy>SEBASTIAN ROA</createdBy>
<createdTime>2020-04-05 22:32:12 UTC</createdTime>
<ownerDesignName>investigadores_gruposv2</ownerDesignName>
<engineerTo>
<item key="135B2A31-1B60-AB7A-48E1-BD1EC76DB788" value="true"/>
</engineerTo>
<sourcePk>CE7A73E0-CB3D-63B7-DB58-675B05B0516C</sourcePk>
<identifying>false</identifying>
<optionalSource>true</optionalSource>
<optionalTarget>false</optionalTarget>
<sourceCardinality>1</sourceCardinality>
<sourceEntity>CD2FAE6A-924C-2792-79F3-12EEBC448E2C</sourceEntity>
<targetCardinalityString>*</targetCardinalityString>
<targetEntity>8C9B0B70-A971-F929-71EE-0E5F0FD6CB8C</targetEntity>
<transferable>true</transferable>
<deleteRule>NO ACTION</deleteRule>
</Relation>