<?xml version = '1.0' encoding = 'UTF-8'?>
<Relation class="oracle.dbtools.crest.model.design.logical.Relation" name="Libreta_DistritoLibreta" directorySegmentName="seg_0" id="D2863633-EAEA-04C9-FF7C-C294D62C1043">
<createdBy>SEBASTIAN ROA</createdBy>
<createdTime>2020-04-05 22:00:42 UTC</createdTime>
<ownerDesignName>investigadores_gruposv2</ownerDesignName>
<engineerTo>
<item key="135B2A31-1B60-AB7A-48E1-BD1EC76DB788" value="true"/>
</engineerTo>
<sourcePk>08FCC2F1-A3AA-1F5A-763F-179C28D72806</sourcePk>
<identifying>false</identifying>
<optionalSource>true</optionalSource>
<optionalTarget>false</optionalTarget>
<sourceCardinality>1</sourceCardinality>
<sourceEntity>F6E942E7-9DBD-77B1-69AA-9BEAC8961BA1</sourceEntity>
<targetCardinalityString>1</targetCardinalityString>
<targetEntity>24463411-3F54-5AE6-DDB9-6987FBF955D9</targetEntity>
<transferable>true</transferable>
<deleteRule>NO ACTION</deleteRule>
</Relation>