<?xml version = '1.0' encoding = 'UTF-8'?>
<Relation class="oracle.dbtools.crest.model.design.logical.Relation" name="Institucion_telefono" directorySegmentName="seg_0" id="DCF5B33F-8B21-D359-8608-9685843FC445">
<createdBy>SEBASTIAN ROA</createdBy>
<createdTime>2020-04-05 22:49:07 UTC</createdTime>
<ownerDesignName>investigadores_gruposv2</ownerDesignName>
<engineerTo>
<item key="135B2A31-1B60-AB7A-48E1-BD1EC76DB788" value="true"/>
</engineerTo>
<sourcePk>CE7A73E0-CB3D-63B7-DB58-675B05B0516C</sourcePk>
<identifying>false</identifying>
<optionalSource>true</optionalSource>
<optionalTarget>false</optionalTarget>
<sourceCardinality>1</sourceCardinality>
<sourceEntity>CD2FAE6A-924C-2792-79F3-12EEBC448E2C</sourceEntity>
<targetCardinalityString>*</targetCardinalityString>
<targetEntity>C41B8544-96CF-D46A-F203-4891B04EBFB9</targetEntity>
<transferable>true</transferable>
<deleteRule>NO ACTION</deleteRule>
</Relation>