<?xml version = '1.0' encoding = 'UTF-8'?>
<Relation class="oracle.dbtools.crest.model.design.logical.Relation" name="Identificacion_TipoId" directorySegmentName="seg_0" id="DE7A786B-C1F7-B777-C42B-9B3FF05745B7">
<createdBy>SEBASTIAN ROA</createdBy>
<createdTime>2020-04-05 22:01:33 UTC</createdTime>
<ownerDesignName>investigadores_gruposv2</ownerDesignName>
<engineerTo>
<item key="135B2A31-1B60-AB7A-48E1-BD1EC76DB788" value="true"/>
</engineerTo>
<sourcePk>92DDE341-3A11-7AEF-D698-DAB47FBD2C2F</sourcePk>
<identifying>false</identifying>
<optionalSource>true</optionalSource>
<optionalTarget>false</optionalTarget>
<sourceCardinality>1</sourceCardinality>
<sourceEntity>9A9FDAF4-20E9-6062-4328-5E4206919C30</sourceEntity>
<targetCardinalityString>*</targetCardinalityString>
<targetEntity>4FEB1F88-C25C-1CDD-3B2D-1D0FD5F28383</targetEntity>
<transferable>true</transferable>
<deleteRule>NO ACTION</deleteRule>
</Relation>