<?xml version = '1.0' encoding = 'UTF-8'?>
<Relation class="oracle.dbtools.crest.model.design.logical.Relation" name="programa_AsignaturaImpartidas" directorySegmentName="seg_0" id="E7183EC1-16D9-7947-A824-DCC6277B7B91">
<createdBy>SEBASTIAN ROA</createdBy>
<createdTime>2020-04-05 22:54:14 UTC</createdTime>
<ownerDesignName>investigadores_gruposv2</ownerDesignName>
<engineerTo>
<item key="135B2A31-1B60-AB7A-48E1-BD1EC76DB788" value="true"/>
</engineerTo>
<sourcePk>4959F8C2-3BD2-CDB4-C35F-85706C5811B1</sourcePk>
<identifying>false</identifying>
<optionalSource>true</optionalSource>
<optionalTarget>false</optionalTarget>
<sourceCardinality>1</sourceCardinality>
<sourceEntity>A9B78F13-3705-98E9-4648-9930C6419651</sourceEntity>
<targetCardinalityString>*</targetCardinalityString>
<targetEntity>8DB23EBB-C6C9-B4DF-CFEE-4679A2D66EF2</targetEntity>
<transferable>true</transferable>
<deleteRule>NO ACTION</deleteRule>
</Relation>