<?xml version = '1.0' encoding = 'UTF-8'?>
<Relation class="oracle.dbtools.crest.model.design.logical.Relation" name="Institucion_direcciones" directorySegmentName="seg_0" id="EBB6E23D-1D9C-CE5F-27AA-C8F28CC18838">
<createdBy>SEBASTIAN ROA</createdBy>
<createdTime>2020-04-05 22:30:26 UTC</createdTime>
<ownerDesignName>investigadores_gruposv2</ownerDesignName>
<engineerTo>
<item key="135B2A31-1B60-AB7A-48E1-BD1EC76DB788" value="true"/>
</engineerTo>
<sourcePk>CE7A73E0-CB3D-63B7-DB58-675B05B0516C</sourcePk>
<identifying>false</identifying>
<optionalSource>true</optionalSource>
<optionalTarget>false</optionalTarget>
<sourceCardinality>1</sourceCardinality>
<sourceEntity>CD2FAE6A-924C-2792-79F3-12EEBC448E2C</sourceEntity>
<targetCardinalityString>*</targetCardinalityString>
<targetEntity>0FF3ADA7-CA94-7C82-BA8C-1916D17A60A7</targetEntity>
<transferable>true</transferable>
<deleteRule>NO ACTION</deleteRule>
</Relation>