<?xml version = '1.0' encoding = 'UTF-8'?>
<Relation class="oracle.dbtools.crest.model.design.logical.Relation" name="Semillero_Aresconocimienton" directorySegmentName="seg_0" id="F1F8B354-7B04-38DE-6411-2C8153C6DD26">
<createdBy>SEBASTIAN ROA</createdBy>
<createdTime>2020-04-06 00:00:08 UTC</createdTime>
<ownerDesignName>investigadores_gruposv2</ownerDesignName>
<engineerTo>
<item key="135B2A31-1B60-AB7A-48E1-BD1EC76DB788" value="true"/>
</engineerTo>
<identifying>false</identifying>
<optionalSource>true</optionalSource>
<optionalTarget>false</optionalTarget>
<sourceCardinality>1</sourceCardinality>
<sourceEntity>BCFEB334-5B7F-C52B-5B1E-207309D620E8</sourceEntity>
<targetCardinalityString>*</targetCardinalityString>
<targetEntity>24215E0A-9E35-F4B4-0C29-330B25DDDA32</targetEntity>
<transferable>true</transferable>
<deleteRule>NO ACTION</deleteRule>
</Relation>