<?xml version = '1.0' encoding = 'UTF-8'?>
<Relation class="oracle.dbtools.crest.model.design.logical.Relation" name="Grupo_instituciones" directorySegmentName="seg_0" id="F3A417C3-9D0F-ED5A-1282-1E76994DC095">
<createdBy>SEBASTIAN ROA</createdBy>
<createdTime>2020-04-05 23:31:04 UTC</createdTime>
<ownerDesignName>investigadores_gruposv2</ownerDesignName>
<engineerTo>
<item key="135B2A31-1B60-AB7A-48E1-BD1EC76DB788" value="true"/>
</engineerTo>
<sourcePk>CE3A6DCB-D7E5-11D9-C4CD-091B2F817C94</sourcePk>
<identifying>false</identifying>
<optionalSource>true</optionalSource>
<optionalTarget>false</optionalTarget>
<sourceCardinality>1</sourceCardinality>
<sourceEntity>55991A4A-ABAB-A564-746E-DF097527FB18</sourceEntity>
<targetCardinalityString>*</targetCardinalityString>
<targetEntity>CD2FAE6A-924C-2792-79F3-12EEBC448E2C</targetEntity>
<transferable>true</transferable>
<deleteRule>NO ACTION</deleteRule>
</Relation>