<?xml version = '1.0' encoding = 'UTF-8'?>
<Relation class="oracle.dbtools.crest.model.design.logical.Relation" name="IdentificaGrupo_Conferencia" directorySegmentName="seg_0" id="F8D37FAF-ED04-1C14-738D-0FF285C0DF9E">
<createdBy>SEBASTIAN ROA</createdBy>
<createdTime>2020-04-05 23:42:31 UTC</createdTime>
<ownerDesignName>investigadores_gruposv2</ownerDesignName>
<engineerTo>
<item key="135B2A31-1B60-AB7A-48E1-BD1EC76DB788" value="true"/>
</engineerTo>
<sourcePk>09BD20CB-84B3-8069-4069-F80FFF0D4873</sourcePk>
<identifying>false</identifying>
<optionalSource>true</optionalSource>
<optionalTarget>false</optionalTarget>
<sourceCardinality>1</sourceCardinality>
<sourceEntity>1A4D2D04-DFF0-8E27-B533-473EDEC784CA</sourceEntity>
<targetCardinalityString>*</targetCardinalityString>
<targetEntity>C0D906FF-1387-6647-CA1D-9617DCF5D2E2</targetEntity>
<transferable>true</transferable>
<deleteRule>NO ACTION</deleteRule>
</Relation>