<?xml version = '1.0' encoding = 'UTF-8'?>
<Relation class="oracle.dbtools.crest.model.design.logical.Relation" name="Actividades_Trabajos" directorySegmentName="seg_0" id="FF23A3B2-E20D-EEF0-6C05-D67880DB4DA6">
<createdBy>SEBASTIAN ROA</createdBy>
<createdTime>2020-04-05 23:12:02 UTC</createdTime>
<ownerDesignName>investigadores_gruposv2</ownerDesignName>
<engineerTo>
<item key="135B2A31-1B60-AB7A-48E1-BD1EC76DB788" value="true"/>
</engineerTo>
<sourcePk>9E12212E-BACB-DE23-40AF-A9584D4069CC</sourcePk>
<identifying>false</identifying>
<optionalSource>true</optionalSource>
<optionalTarget>false</optionalTarget>
<sourceCardinality>1</sourceCardinality>
<sourceEntity>791F07B4-8CBE-9449-2AEB-37E30E379F77</sourceEntity>
<targetCardinalityString>*</targetCardinalityString>
<targetEntity>7A46C5C5-410F-0E82-F554-3EFAEE30434C</targetEntity>
<transferable>true</transferable>
<deleteRule>NO ACTION</deleteRule>
</Relation>