<?xml version = '1.0' encoding = 'UTF-8'?>
<relationalModel class="oracle.dbtools.crest.model.design.relational.RelationalDesign" name="Relational_1" id="135B2A31-1B60-AB7A-48E1-BD1EC76DB788" mainViewID="6FAF5838-FFA1-0E66-2F34-E193228D1163">
<createdBy>SEBASTIAN ROA</createdBy>
<createdTime>2020-04-05 21:43:30 UTC</createdTime>
<ownerDesignName>investigadores_gruposv2</ownerDesignName>
<shouldBeOpen>false</shouldBeOpen>
<selectedRDBMSSite>32076570-2523-435C-2E92-BF29817DFF70</selectedRDBMSSite>
</relationalModel>